OBJECTID,pointid,grid_code,POINT_X,POINT_Y,POINT_Z
6,6,7,250743.8457,744103.3401,-142
13,13,7,250743.8457,744090.8401,-143
14,14,7,250756.3457,744090.8401,-144
402,402,7,250981.3457,743978.3401,-156
450,450,7,250968.8457,743965.8401,-156
451,451,7,250981.3457,743965.8401,-157
499,499,7,250956.3457,743953.3401,-156
2861,2861,7,251131.3457,743503.3401,-165
3315,3315,7,250593.8457,743415.8401,-136
3387,3387,7,250606.3457,743403.3401,-135
3388,3388,7,250618.8457,743403.3401,-138
3389,3389,7,250631.3457,743403.3401,-140
3459,3459,7,250606.3457,743390.8401,-134
3460,3460,7,250618.8457,743390.8401,-136
3461,3461,7,250631.3457,743390.8401,-138
3531,3531,7,250606.3457,743378.3401,-134
3532,3532,7,250618.8457,743378.3401,-136
3533,3533,7,250631.3457,743378.3401,-138
3534,3534,7,250643.8457,743378.3401,-140
3603,3603,7,250606.3457,743365.8401,-134
3604,3604,7,250618.8457,743365.8401,-136
3729,3729,7,250368.8457,743340.8401,-109
3802,3802,8,250368.8457,743328.3401,-107
3803,3803,7,250381.3457,743328.3401,-110
3804,3804,7,250393.8457,743328.3401,-114
3805,3805,7,250406.3457,743328.3401,-116
3829,3829,7,250706.3457,743328.3401,-139
3830,3830,7,250718.8457,743328.3401,-140
3831,3831,7,250731.3457,743328.3401,-141
3832,3832,7,250743.8457,743328.3401,-142
3875,3875,8,250368.8457,743315.8401,-104
3876,3876,8,250381.3457,743315.8401,-108
3877,3877,7,250393.8457,743315.8401,-111
3878,3878,7,250406.3457,743315.8401,-113
3879,3879,7,250418.8457,743315.8401,-115
3903,3903,7,250718.8457,743315.8401,-138
3904,3904,7,250731.3457,743315.8401,-139
3905,3905,7,250743.8457,743315.8401,-140
3906,3906,7,250756.3457,743315.8401,-142
3907,3907,7,250768.8457,743315.8401,-144
3948,3948,8,250368.8457,743303.3401,-100
3949,3949,8,250381.3457,743303.3401,-104
3950,3950,8,250393.8457,743303.3401,-107
3951,3951,8,250406.3457,743303.3401,-110
3952,3952,8,250418.8457,743303.3401,-112
3977,3977,7,250731.3457,743303.3401,-137
3978,3978,7,250743.8457,743303.3401,-139
3979,3979,7,250756.3457,743303.3401,-141
3980,3980,7,250768.8457,743303.3401,-143
3981,3981,7,250781.3457,743303.3401,-146
4021,4021,8,250368.8457,743290.8401,-96
4022,4022,8,250381.3457,743290.8401,-100
4023,4023,8,250393.8457,743290.8401,-103
4024,4024,8,250406.3457,743290.8401,-107
4025,4025,8,250418.8457,743290.8401,-110
4026,4026,7,250431.3457,743290.8401,-113
4051,4051,7,250743.8457,743290.8401,-137
4052,4052,7,250756.3457,743290.8401,-139
4053,4053,7,250768.8457,743290.8401,-142
4054,4054,7,250781.3457,743290.8401,-145
4055,4055,7,250793.8457,743290.8401,-147
4095,4095,8,250368.8457,743278.3401,-91
4096,4096,8,250381.3457,743278.3401,-96
4097,4097,8,250393.8457,743278.3401,-100
4098,4098,8,250406.3457,743278.3401,-103
4099,4099,8,250418.8457,743278.3401,-107
4100,4100,8,250431.3457,743278.3401,-110
4126,4126,7,250756.3457,743278.3401,-138
4127,4127,7,250768.8457,743278.3401,-141
4128,4128,7,250781.3457,743278.3401,-144
4129,4129,7,250793.8457,743278.3401,-146
4130,4130,7,250806.3457,743278.3401,-148
4169,4169,8,250368.8457,743265.8401,-87
4170,4170,8,250381.3457,743265.8401,-91
4171,4171,8,250393.8457,743265.8401,-96
4172,4172,8,250406.3457,743265.8401,-100
4173,4173,8,250418.8457,743265.8401,-104
4174,4174,8,250431.3457,743265.8401,-107
4200,4200,7,250756.3457,743265.8401,-138
4201,4201,7,250768.8457,743265.8401,-140
4202,4202,7,250781.3457,743265.8401,-143
4203,4203,7,250793.8457,743265.8401,-145
4204,4204,7,250806.3457,743265.8401,-148
4243,4243,8,250381.3457,743253.3401,-88
4244,4244,8,250393.8457,743253.3401,-93
4245,4245,8,250406.3457,743253.3401,-97
4246,4246,8,250418.8457,743253.3401,-101
4247,4247,8,250431.3457,743253.3401,-105
4248,4248,8,250443.8457,743253.3401,-108
4274,4274,7,250768.8457,743253.3401,-139
4275,4275,7,250781.3457,743253.3401,-141
4276,4276,7,250793.8457,743253.3401,-145
4277,4277,7,250806.3457,743253.3401,-148
4316,4316,8,250381.3457,743240.8401,-85
4317,4317,8,250393.8457,743240.8401,-90
4318,4318,8,250406.3457,743240.8401,-94
4319,4319,8,250418.8457,743240.8401,-99
4320,4320,8,250431.3457,743240.8401,-103
4321,4321,8,250443.8457,743240.8401,-106
4347,4347,7,250768.8457,743240.8401,-139
4348,4348,7,250781.3457,743240.8401,-141
4349,4349,7,250793.8457,743240.8401,-144
4350,4350,7,250806.3457,743240.8401,-147
4389,4389,8,250381.3457,743228.3401,-84
4390,4390,8,250393.8457,743228.3401,-88
4391,4391,8,250406.3457,743228.3401,-92
4392,4392,8,250418.8457,743228.3401,-97
4393,4393,8,250431.3457,743228.3401,-101
4394,4394,8,250443.8457,743228.3401,-104
4395,4395,8,250456.3457,743228.3401,-107
4421,4421,7,250781.3457,743228.3401,-141
4422,4422,7,250793.8457,743228.3401,-144
4423,4423,7,250806.3457,743228.3401,-146
4424,4424,7,250818.8457,743228.3401,-149
4446,4446,7,251093.8457,743228.3401,-171
4447,4447,7,251106.3457,743228.3401,-172
4462,4462,8,250381.3457,743215.8401,-85
4463,4463,8,250393.8457,743215.8401,-88
4464,4464,8,250406.3457,743215.8401,-92
4465,4465,8,250418.8457,743215.8401,-96
4466,4466,8,250431.3457,743215.8401,-100
4467,4467,8,250443.8457,743215.8401,-103
4468,4468,8,250456.3457,743215.8401,-106
4469,4469,7,250468.8457,743215.8401,-108
4495,4495,7,250793.8457,743215.8401,-143
4496,4496,7,250806.3457,743215.8401,-145
4497,4497,7,250818.8457,743215.8401,-147
4498,4498,7,250831.3457,743215.8401,-150
4518,4518,7,251081.3457,743215.8401,-169
4519,4519,7,251093.8457,743215.8401,-170
4520,4520,7,251106.3457,743215.8401,-171
4536,4536,8,250381.3457,743203.3401,-86
4537,4537,8,250393.8457,743203.3401,-89
4538,4538,8,250406.3457,743203.3401,-92
4539,4539,8,250418.8457,743203.3401,-96
4540,4540,8,250431.3457,743203.3401,-99
4541,4541,8,250443.8457,743203.3401,-102
4542,4542,8,250456.3457,743203.3401,-104
4543,4543,8,250468.8457,743203.3401,-107
4544,4544,7,250481.3457,743203.3401,-109
4545,4545,7,250493.8457,743203.3401,-110
4570,4570,7,250806.3457,743203.3401,-145
4571,4571,7,250818.8457,743203.3401,-147
4572,4572,7,250831.3457,743203.3401,-150
4591,4591,7,251068.8457,743203.3401,-167
4592,4592,7,251081.3457,743203.3401,-168
4593,4593,7,251093.8457,743203.3401,-169
4594,4594,7,251106.3457,743203.3401,-170
4610,4610,7,250381.3457,743190.8401,-87
4611,4611,8,250393.8457,743190.8401,-90
4612,4612,8,250406.3457,743190.8401,-92
4613,4613,8,250418.8457,743190.8401,-95
4614,4614,8,250431.3457,743190.8401,-98
4615,4615,8,250443.8457,743190.8401,-101
4616,4616,8,250456.3457,743190.8401,-103
4617,4617,8,250468.8457,743190.8401,-105
4618,4618,8,250481.3457,743190.8401,-107
4619,4619,8,250493.8457,743190.8401,-109
4644,4644,7,250806.3457,743190.8401,-145
4645,4645,7,250818.8457,743190.8401,-147
4646,4646,7,250831.3457,743190.8401,-149
4666,4666,7,251081.3457,743190.8401,-167
4667,4667,7,251093.8457,743190.8401,-168
4668,4668,7,251106.3457,743190.8401,-169
4669,4669,7,251118.8457,743190.8401,-171
4670,4670,7,251131.3457,743190.8401,-172
4684,4684,8,250381.3457,743178.3401,-87
4685,4685,7,250393.8457,743178.3401,-90
4686,4686,8,250406.3457,743178.3401,-92
4687,4687,8,250418.8457,743178.3401,-94
4688,4688,8,250431.3457,743178.3401,-97
4689,4689,8,250443.8457,743178.3401,-100
4691,4691,8,250468.8457,743178.3401,-104
4692,4692,8,250481.3457,743178.3401,-106
4693,4693,7,250493.8457,743178.3401,-108
4694,4694,7,250506.3457,743178.3401,-110
4718,4718,7,250806.3457,743178.3401,-144
4719,4719,7,250818.8457,743178.3401,-145
4720,4720,7,250831.3457,743178.3401,-148
4721,4721,7,250843.8457,743178.3401,-150
4722,4722,7,250856.3457,743178.3401,-152
4724,4724,7,250881.3457,743178.3401,-155
4725,4725,7,250893.8457,743178.3401,-156
4726,4726,7,250906.3457,743178.3401,-157
4740,4740,7,251081.3457,743178.3401,-166
4741,4741,7,251093.8457,743178.3401,-167
4742,4742,7,251106.3457,743178.3401,-168
4743,4743,7,251118.8457,743178.3401,-170
4744,4744,7,251131.3457,743178.3401,-171
4745,4745,7,251143.8457,743178.3401,-173
4758,4758,8,250381.3457,743165.8401,-87
4759,4759,8,250393.8457,743165.8401,-89
4760,4760,8,250406.3457,743165.8401,-91
4761,4761,8,250418.8457,743165.8401,-93
4762,4762,8,250431.3457,743165.8401,-96
4763,4763,8,250443.8457,743165.8401,-99
4765,4765,8,250468.8457,743165.8401,-103
4766,4766,8,250481.3457,743165.8401,-105
4767,4767,7,250493.8457,743165.8401,-107
4768,4768,7,250506.3457,743165.8401,-109
4792,4792,7,250806.3457,743165.8401,-143
4793,4793,7,250818.8457,743165.8401,-144
4794,4794,7,250831.3457,743165.8401,-145
4795,4795,7,250843.8457,743165.8401,-147
4796,4796,7,250856.3457,743165.8401,-150
4797,4797,7,250868.8457,743165.8401,-152
4798,4798,7,250881.3457,743165.8401,-153
4799,4799,7,250893.8457,743165.8401,-154
4800,4800,7,250906.3457,743165.8401,-155
4814,4814,7,251081.3457,743165.8401,-165
4815,4815,7,251093.8457,743165.8401,-165
4816,4816,7,251106.3457,743165.8401,-166
4817,4817,7,251118.8457,743165.8401,-169
4818,4818,7,251131.3457,743165.8401,-170
4819,4819,7,251143.8457,743165.8401,-172
4832,4832,8,250381.3457,743153.3401,-84
4833,4833,8,250393.8457,743153.3401,-87
4834,4834,8,250406.3457,743153.3401,-89
4835,4835,8,250418.8457,743153.3401,-92
4836,4836,8,250431.3457,743153.3401,-95
4837,4837,8,250443.8457,743153.3401,-98
4838,4838,8,250456.3457,743153.3401,-100
4839,4839,8,250468.8457,743153.3401,-102
4840,4840,8,250481.3457,743153.3401,-104
4841,4841,7,250493.8457,743153.3401,-107
4842,4842,7,250506.3457,743153.3401,-109
4843,4843,7,250518.8457,743153.3401,-111
4867,4867,7,250818.8457,743153.3401,-142
4868,4868,7,250831.3457,743153.3401,-143
4869,4869,7,250843.8457,743153.3401,-145
4870,4870,7,250856.3457,743153.3401,-148
4871,4871,7,250868.8457,743153.3401,-150
4872,4872,7,250881.3457,743153.3401,-151
4873,4873,7,250893.8457,743153.3401,-152
4874,4874,7,250906.3457,743153.3401,-153
4875,4875,7,250918.8457,743153.3401,-155
4877,4877,7,250943.8457,743153.3401,-158
4887,4887,7,251068.8457,743153.3401,-164
4888,4888,7,251081.3457,743153.3401,-164
4889,4889,8,251093.8457,743153.3401,-164
4890,4890,7,251106.3457,743153.3401,-165
4893,4893,7,251143.8457,743153.3401,-171
4907,4907,8,250381.3457,743140.8401,-81
4908,4908,8,250393.8457,743140.8401,-84
4909,4909,8,250406.3457,743140.8401,-87
4910,4910,8,250418.8457,743140.8401,-91
4911,4911,8,250431.3457,743140.8401,-94
4912,4912,8,250443.8457,743140.8401,-97
4913,4913,8,250456.3457,743140.8401,-99
4914,4914,8,250468.8457,743140.8401,-102
4915,4915,8,250481.3457,743140.8401,-104
4916,4916,7,250493.8457,743140.8401,-107
4942,4942,7,250818.8457,743140.8401,-140
4943,4943,7,250831.3457,743140.8401,-141
4944,4944,7,250843.8457,743140.8401,-143
4945,4945,7,250856.3457,743140.8401,-146
4946,4946,7,250868.8457,743140.8401,-148
4947,4947,7,250881.3457,743140.8401,-149
4948,4948,7,250893.8457,743140.8401,-150
4949,4949,7,250906.3457,743140.8401,-151
4950,4950,7,250918.8457,743140.8401,-153
4951,4951,7,250931.3457,743140.8401,-154
4952,4952,7,250943.8457,743140.8401,-156
4961,4961,7,251056.3457,743140.8401,-163
4962,4962,7,251068.8457,743140.8401,-163
4963,4963,7,251081.3457,743140.8401,-163
4982,4982,8,250381.3457,743128.3401,-78
4983,4983,8,250393.8457,743128.3401,-82
4984,4984,8,250406.3457,743128.3401,-86
4985,4985,8,250418.8457,743128.3401,-89
4986,4986,8,250431.3457,743128.3401,-93
4987,4987,8,250443.8457,743128.3401,-96
4988,4988,8,250456.3457,743128.3401,-98
4989,4989,8,250468.8457,743128.3401,-100
4990,4990,8,250481.3457,743128.3401,-103
4991,4991,7,250493.8457,743128.3401,-107
5013,5013,7,250768.8457,743128.3401,-137
5014,5014,7,250781.3457,743128.3401,-137
5016,5016,7,250806.3457,743128.3401,-138
5017,5017,7,250818.8457,743128.3401,-139
5018,5018,7,250831.3457,743128.3401,-140
5019,5019,7,250843.8457,743128.3401,-142
5020,5020,7,250856.3457,743128.3401,-144
5021,5021,7,250868.8457,743128.3401,-146
5022,5022,7,250881.3457,743128.3401,-147
5023,5023,7,250893.8457,743128.3401,-148
5024,5024,7,250906.3457,743128.3401,-150
5025,5025,7,250918.8457,743128.3401,-151
5026,5026,7,250931.3457,743128.3401,-152
5027,5027,7,250943.8457,743128.3401,-154
5028,5028,7,250956.3457,743128.3401,-156
5036,5036,7,251056.3457,743128.3401,-162
5037,5037,7,251068.8457,743128.3401,-162
5057,5057,8,250381.3457,743115.8401,-76
5058,5058,8,250393.8457,743115.8401,-80
5059,5059,8,250406.3457,743115.8401,-84
5060,5060,8,250418.8457,743115.8401,-88
5061,5061,8,250431.3457,743115.8401,-92
5062,5062,8,250443.8457,743115.8401,-95
5063,5063,8,250456.3457,743115.8401,-97
5064,5064,8,250468.8457,743115.8401,-99
5065,5065,8,250481.3457,743115.8401,-102
5066,5066,7,250493.8457,743115.8401,-106
5085,5085,7,250731.3457,743115.8401,-133
5086,5086,7,250743.8457,743115.8401,-134
5089,5089,7,250781.3457,743115.8401,-135
5090,5090,7,250793.8457,743115.8401,-136
5091,5091,7,250806.3457,743115.8401,-137
5092,5092,7,250818.8457,743115.8401,-138
5093,5093,7,250831.3457,743115.8401,-139
5094,5094,7,250843.8457,743115.8401,-140
5095,5095,7,250856.3457,743115.8401,-143
5096,5096,7,250868.8457,743115.8401,-145
5099,5099,7,250906.3457,743115.8401,-149
5100,5100,7,250918.8457,743115.8401,-150
5132,5132,8,250381.3457,743103.3401,-75
5133,5133,8,250393.8457,743103.3401,-79
5134,5134,8,250406.3457,743103.3401,-84
5135,5135,8,250418.8457,743103.3401,-88
5136,5136,8,250431.3457,743103.3401,-92
5137,5137,8,250443.8457,743103.3401,-94
5139,5139,8,250468.8457,743103.3401,-98
5140,5140,8,250481.3457,743103.3401,-101
5141,5141,7,250493.8457,743103.3401,-106
5159,5159,7,250718.8457,743103.3401,-130
5160,5160,7,250731.3457,743103.3401,-131
5161,5161,7,250743.8457,743103.3401,-132
5162,5162,7,250756.3457,743103.3401,-132
5163,5163,7,250768.8457,743103.3401,-133
5164,5164,7,250781.3457,743103.3401,-134
5165,5165,7,250793.8457,743103.3401,-135
5166,5166,7,250806.3457,743103.3401,-136
5167,5167,7,250818.8457,743103.3401,-137
5168,5168,7,250831.3457,743103.3401,-138
5170,5170,7,250856.3457,743103.3401,-142
5207,5207,8,250381.3457,743090.8401,-75
5208,5208,8,250393.8457,743090.8401,-79
5209,5209,8,250406.3457,743090.8401,-84
5210,5210,8,250418.8457,743090.8401,-89
5211,5211,8,250431.3457,743090.8401,-92
5212,5212,8,250443.8457,743090.8401,-94
5213,5213,8,250456.3457,743090.8401,-96
5214,5214,8,250468.8457,743090.8401,-98
5215,5215,8,250481.3457,743090.8401,-100
5216,5216,8,250493.8457,743090.8401,-105
5229,5229,8,250656.3457,743090.8401,-122
5230,5230,8,250668.8457,743090.8401,-123
5231,5231,8,250681.3457,743090.8401,-124
5232,5232,8,250693.8457,743090.8401,-125
5233,5233,8,250706.3457,743090.8401,-126
5234,5234,8,250718.8457,743090.8401,-128
5235,5235,8,250731.3457,743090.8401,-129
5237,5237,8,250756.3457,743090.8401,-130
5238,5238,8,250768.8457,743090.8401,-131
5239,5239,8,250781.3457,743090.8401,-133
5240,5240,8,250793.8457,743090.8401,-134
5241,5241,8,250806.3457,743090.8401,-135
5242,5242,8,250818.8457,743090.8401,-136
5244,5244,7,250843.8457,743090.8401,-139
5282,5282,8,250381.3457,743078.3401,-75
5283,5283,8,250393.8457,743078.3401,-80
5284,5284,8,250406.3457,743078.3401,-85
5287,5287,7,250443.8457,743078.3401,-94
5289,5289,8,250468.8457,743078.3401,-97
5290,5290,8,250481.3457,743078.3401,-100
5291,5291,8,250493.8457,743078.3401,-105
5300,5300,7,250606.3457,743078.3401,-118
5301,5301,8,250618.8457,743078.3401,-118
5302,5302,8,250631.3457,743078.3401,-119
5303,5303,8,250643.8457,743078.3401,-119
5304,5304,8,250656.3457,743078.3401,-119
5305,5305,8,250668.8457,743078.3401,-120
5306,5306,8,250681.3457,743078.3401,-122
5307,5307,8,250693.8457,743078.3401,-123
5308,5308,8,250706.3457,743078.3401,-124
5309,5309,8,250718.8457,743078.3401,-125
5310,5310,8,250731.3457,743078.3401,-126
5311,5311,8,250743.8457,743078.3401,-127
5312,5312,8,250756.3457,743078.3401,-128
5313,5313,8,250768.8457,743078.3401,-130
5314,5314,8,250781.3457,743078.3401,-132
5315,5315,8,250793.8457,743078.3401,-133
5316,5316,8,250806.3457,743078.3401,-134
5318,5318,7,250831.3457,743078.3401,-137
5319,5319,7,250843.8457,743078.3401,-139
5327,5327,7,250943.8457,743078.3401,-153
5358,5358,8,250393.8457,743065.8401,-81
5359,5359,8,250406.3457,743065.8401,-86
5360,5360,8,250418.8457,743065.8401,-90
5364,5364,7,250468.8457,743065.8401,-98
5365,5365,8,250481.3457,743065.8401,-101
5366,5366,7,250493.8457,743065.8401,-105
5374,5374,8,250593.8457,743065.8401,-115
5375,5375,8,250606.3457,743065.8401,-115
5376,5376,8,250618.8457,743065.8401,-115
5377,5377,8,250631.3457,743065.8401,-116
5378,5378,8,250643.8457,743065.8401,-116
5379,5379,8,250656.3457,743065.8401,-117
5380,5380,8,250668.8457,743065.8401,-118
5381,5381,8,250681.3457,743065.8401,-120
5382,5382,8,250693.8457,743065.8401,-121
5383,5383,8,250706.3457,743065.8401,-122
5384,5384,8,250718.8457,743065.8401,-123
5385,5385,8,250731.3457,743065.8401,-124
5386,5386,8,250743.8457,743065.8401,-125
5387,5387,8,250756.3457,743065.8401,-127
5388,5388,8,250768.8457,743065.8401,-129
5389,5389,8,250781.3457,743065.8401,-131
5390,5390,8,250793.8457,743065.8401,-132
5391,5391,8,250806.3457,743065.8401,-133
5392,5392,8,250818.8457,743065.8401,-135
5395,5395,7,250856.3457,743065.8401,-142
5433,5433,8,250393.8457,743053.3401,-81
5434,5434,8,250406.3457,743053.3401,-86
5435,5435,8,250418.8457,743053.3401,-90
5436,5436,7,250431.3457,743053.3401,-92
5440,5440,8,250481.3457,743053.3401,-102
5441,5441,7,250493.8457,743053.3401,-106
5449,5449,8,250593.8457,743053.3401,-112
5450,5450,8,250606.3457,743053.3401,-112
5451,5451,8,250618.8457,743053.3401,-113
5453,5453,8,250643.8457,743053.3401,-114
5454,5454,8,250656.3457,743053.3401,-115
5455,5455,8,250668.8457,743053.3401,-116
5456,5456,8,250681.3457,743053.3401,-118
5457,5457,8,250693.8457,743053.3401,-120
5458,5458,8,250706.3457,743053.3401,-121
5459,5459,8,250718.8457,743053.3401,-122
5460,5460,8,250731.3457,743053.3401,-123
5461,5461,8,250743.8457,743053.3401,-124
5462,5462,8,250756.3457,743053.3401,-125
5463,5463,8,250768.8457,743053.3401,-127
5464,5464,8,250781.3457,743053.3401,-130
5476,5476,7,250931.3457,743053.3401,-150
5477,5477,7,250943.8457,743053.3401,-151
5508,5508,8,250393.8457,743040.8401,-82
5509,5509,8,250406.3457,743040.8401,-86
5510,5510,8,250418.8457,743040.8401,-89
5515,5515,8,250481.3457,743040.8401,-102
5516,5516,7,250493.8457,743040.8401,-106
5517,5517,7,250506.3457,743040.8401,-109
5525,5525,8,250606.3457,743040.8401,-110
5526,5526,8,250618.8457,743040.8401,-111
5527,5527,8,250631.3457,743040.8401,-112
5528,5528,8,250643.8457,743040.8401,-113
5529,5529,8,250656.3457,743040.8401,-114
5530,5530,8,250668.8457,743040.8401,-115
5531,5531,8,250681.3457,743040.8401,-117
5532,5532,8,250693.8457,743040.8401,-119
5533,5533,8,250706.3457,743040.8401,-120
5534,5534,8,250718.8457,743040.8401,-121
5535,5535,8,250731.3457,743040.8401,-122
5536,5536,8,250743.8457,743040.8401,-123
5537,5537,8,250756.3457,743040.8401,-124
5538,5538,8,250768.8457,743040.8401,-126
5539,5539,8,250781.3457,743040.8401,-128
5545,5545,7,250856.3457,743040.8401,-141
5550,5550,7,250918.8457,743040.8401,-148
5551,5551,7,250931.3457,743040.8401,-149
5552,5552,7,250943.8457,743040.8401,-150
5553,5553,7,250956.3457,743040.8401,-152
5583,5583,8,250393.8457,743028.3401,-83
5584,5584,8,250406.3457,743028.3401,-86
5585,5585,8,250418.8457,743028.3401,-89
5586,5586,8,250431.3457,743028.3401,-91
5587,5587,7,250443.8457,743028.3401,-94
5588,5588,8,250456.3457,743028.3401,-97
5589,5589,7,250468.8457,743028.3401,-100
5591,5591,7,250493.8457,743028.3401,-106
5600,5600,8,250606.3457,743028.3401,-108
5601,5601,8,250618.8457,743028.3401,-109
5602,5602,8,250631.3457,743028.3401,-110
5603,5603,8,250643.8457,743028.3401,-112
5604,5604,8,250656.3457,743028.3401,-113
5606,5606,8,250681.3457,743028.3401,-116
5607,5607,8,250693.8457,743028.3401,-118
5608,5608,8,250706.3457,743028.3401,-119
5609,5609,8,250718.8457,743028.3401,-120
5610,5610,8,250731.3457,743028.3401,-121
5611,5611,8,250743.8457,743028.3401,-122
5612,5612,8,250756.3457,743028.3401,-123
5613,5613,8,250768.8457,743028.3401,-125
5614,5614,8,250781.3457,743028.3401,-127
5615,5615,8,250793.8457,743028.3401,-130
5616,5616,8,250806.3457,743028.3401,-132
5621,5621,7,250868.8457,743028.3401,-142
5628,5628,7,250956.3457,743028.3401,-151
5629,5629,7,250968.8457,743028.3401,-152
5659,5659,8,250406.3457,743015.8401,-86
5660,5660,8,250418.8457,743015.8401,-89
5661,5661,8,250431.3457,743015.8401,-91
5662,5662,8,250443.8457,743015.8401,-94
5663,5663,8,250456.3457,743015.8401,-97
5664,5664,8,250468.8457,743015.8401,-100
5665,5665,8,250481.3457,743015.8401,-103
5674,5674,7,250593.8457,743015.8401,-106
5675,5675,7,250606.3457,743015.8401,-107
5677,5677,7,250631.3457,743015.8401,-110
5678,5678,8,250643.8457,743015.8401,-111
5680,5680,8,250668.8457,743015.8401,-114
5686,5686,8,250743.8457,743015.8401,-121
5688,5688,8,250768.8457,743015.8401,-124
5690,5690,8,250793.8457,743015.8401,-129
5691,5691,8,250806.3457,743015.8401,-131
5692,5692,8,250818.8457,743015.8401,-133
5694,5694,7,250843.8457,743015.8401,-138
5695,5695,7,250856.3457,743015.8401,-140
5697,5697,7,250881.3457,743015.8401,-143
5699,5699,7,250906.3457,743015.8401,-146
5700,5700,7,250918.8457,743015.8401,-147
5701,5701,7,250931.3457,743015.8401,-148
5702,5702,7,250943.8457,743015.8401,-149
5703,5703,7,250956.3457,743015.8401,-150
5736,5736,8,250418.8457,743003.3401,-89
5737,5737,8,250431.3457,743003.3401,-91
5738,5738,8,250443.8457,743003.3401,-94
5739,5739,8,250456.3457,743003.3401,-97
5740,5740,8,250468.8457,743003.3401,-100
5741,5741,7,250481.3457,743003.3401,-102
5750,5750,7,250593.8457,743003.3401,-105
5751,5751,8,250606.3457,743003.3401,-106
5755,5755,8,250656.3457,743003.3401,-112
5764,5764,8,250768.8457,743003.3401,-124
5765,5765,8,250781.3457,743003.3401,-126
5766,5766,8,250793.8457,743003.3401,-128
5767,5767,8,250806.3457,743003.3401,-130
5768,5768,8,250818.8457,743003.3401,-132
5769,5769,7,250831.3457,743003.3401,-135
5770,5770,7,250843.8457,743003.3401,-137
5774,5774,7,250893.8457,743003.3401,-144
5779,5779,7,250956.3457,743003.3401,-149
5890,5890,8,250443.8457,742978.3401,-95
5891,5891,7,250456.3457,742978.3401,-97
5964,5964,8,250418.8457,742965.8401,-90
5965,5965,8,250431.3457,742965.8401,-92
5966,5966,7,250443.8457,742965.8401,-93
6039,6039,7,250406.3457,742953.3401,-88
6040,6040,7,250418.8457,742953.3401,-90
6041,6041,7,250431.3457,742953.3401,-91
6117,6117,7,250418.8457,742940.8401,-89
6192,6192,8,250393.8457,742928.3401,-85
6269,6269,7,250393.8457,742915.8401,-84
7204,7204,7,250493.8457,742765.8401,-85
7205,7205,8,250506.3457,742765.8401,-85
7280,7280,7,250468.8457,742753.3401,-81
7281,7281,8,250481.3457,742753.3401,-81
7282,7282,8,250493.8457,742753.3401,-82
7283,7283,8,250506.3457,742753.3401,-81
7284,7284,8,250518.8457,742753.3401,-85
7285,7285,8,250531.3457,742753.3401,-86
7286,7286,8,250543.8457,742753.3401,-88
7287,7287,7,250556.3457,742753.3401,-90
7307,7307,7,250806.3457,742753.3401,-127
7308,7308,7,250818.8457,742753.3401,-128
7354,7354,8,250406.3457,742740.8401,-72
7355,7355,8,250418.8457,742740.8401,-74
7356,7356,8,250431.3457,742740.8401,-75
7357,7357,8,250443.8457,742740.8401,-76
7358,7358,8,250456.3457,742740.8401,-77
7359,7359,8,250468.8457,742740.8401,-78
7360,7360,8,250481.3457,742740.8401,-78
7361,7361,8,250493.8457,742740.8401,-77
7362,7362,8,250506.3457,742740.8401,-77
7363,7363,8,250518.8457,742740.8401,-81
7364,7364,8,250531.3457,742740.8401,-81
7365,7365,8,250543.8457,742740.8401,-83
7366,7366,8,250556.3457,742740.8401,-85
7367,7367,8,250568.8457,742740.8401,-88
7368,7368,7,250581.3457,742740.8401,-91
7369,7369,7,250593.8457,742740.8401,-94
7370,7370,7,250606.3457,742740.8401,-95
7371,7371,7,250618.8457,742740.8401,-97
7372,7372,7,250631.3457,742740.8401,-99
7385,7385,7,250793.8457,742740.8401,-124
7386,7386,7,250806.3457,742740.8401,-125
7387,7387,7,250818.8457,742740.8401,-126
7388,7388,7,250831.3457,742740.8401,-128
7433,7433,8,250406.3457,742728.3401,-67
7434,7434,8,250418.8457,742728.3401,-69
7435,7435,8,250431.3457,742728.3401,-71
7436,7436,8,250443.8457,742728.3401,-72
7437,7437,8,250456.3457,742728.3401,-73
7438,7438,8,250468.8457,742728.3401,-74
7439,7439,8,250481.3457,742728.3401,-73
7440,7440,8,250493.8457,742728.3401,-72
7441,7441,8,250506.3457,742728.3401,-71
7442,7442,8,250518.8457,742728.3401,-76
7443,7443,8,250531.3457,742728.3401,-76
7444,7444,8,250543.8457,742728.3401,-77
7445,7445,8,250556.3457,742728.3401,-78
7446,7446,8,250568.8457,742728.3401,-81
7447,7447,8,250581.3457,742728.3401,-85
7448,7448,8,250593.8457,742728.3401,-89
7449,7449,8,250606.3457,742728.3401,-91
7450,7450,8,250618.8457,742728.3401,-93
7451,7451,8,250631.3457,742728.3401,-96
7452,7452,8,250643.8457,742728.3401,-99
7463,7463,7,250781.3457,742728.3401,-121
7464,7464,8,250793.8457,742728.3401,-121
7465,7465,8,250806.3457,742728.3401,-122
7466,7466,7,250818.8457,742728.3401,-124
7467,7467,7,250831.3457,742728.3401,-126
7512,7512,8,250406.3457,742715.8401,-61
7513,7513,8,250418.8457,742715.8401,-63
7514,7514,8,250431.3457,742715.8401,-65
7515,7515,8,250443.8457,742715.8401,-66
7516,7516,8,250456.3457,742715.8401,-68
7517,7517,8,250468.8457,742715.8401,-69
7518,7518,8,250481.3457,742715.8401,-68
7519,7519,8,250493.8457,742715.8401,-66
7520,7520,8,250506.3457,742715.8401,-65
7521,7521,8,250518.8457,742715.8401,-70
7522,7522,8,250531.3457,742715.8401,-70
7523,7523,8,250543.8457,742715.8401,-70
7524,7524,8,250556.3457,742715.8401,-71
7525,7525,8,250568.8457,742715.8401,-74
7526,7526,8,250581.3457,742715.8401,-79
7527,7527,8,250593.8457,742715.8401,-82
7528,7528,8,250606.3457,742715.8401,-85
7529,7529,8,250618.8457,742715.8401,-88
7530,7530,8,250631.3457,742715.8401,-91
7531,7531,8,250643.8457,742715.8401,-95
7532,7532,8,250656.3457,742715.8401,-99
7541,7541,7,250768.8457,742715.8401,-119
7542,7542,8,250781.3457,742715.8401,-119
7543,7543,8,250793.8457,742715.8401,-119
7544,7544,8,250806.3457,742715.8401,-120
7545,7545,8,250818.8457,742715.8401,-122
7546,7546,7,250831.3457,742715.8401,-125
7591,7591,8,250406.3457,742703.3401,-53
7592,7592,8,250418.8457,742703.3401,-55
7593,7593,8,250431.3457,742703.3401,-56
7594,7594,8,250443.8457,742703.3401,-58
7595,7595,8,250456.3457,742703.3401,-60
7596,7596,8,250468.8457,742703.3401,-60
7597,7597,8,250481.3457,742703.3401,-60
7598,7598,8,250493.8457,742703.3401,-58
7599,7599,8,250506.3457,742703.3401,-57
7600,7600,8,250518.8457,742703.3401,-64
7601,7601,8,250531.3457,742703.3401,-64
7602,7602,8,250543.8457,742703.3401,-64
7603,7603,8,250556.3457,742703.3401,-65
7604,7604,8,250568.8457,742703.3401,-68
7605,7605,8,250581.3457,742703.3401,-72
7606,7606,8,250593.8457,742703.3401,-76
7607,7607,8,250606.3457,742703.3401,-79
7608,7608,8,250618.8457,742703.3401,-83
7609,7609,8,250631.3457,742703.3401,-87
7610,7610,8,250643.8457,742703.3401,-91
7611,7611,8,250656.3457,742703.3401,-97
7619,7619,7,250756.3457,742703.3401,-116
7620,7620,8,250768.8457,742703.3401,-116
7621,7621,8,250781.3457,742703.3401,-116
7622,7622,8,250793.8457,742703.3401,-116
7623,7623,8,250806.3457,742703.3401,-118
7624,7624,8,250818.8457,742703.3401,-120
7625,7625,8,250831.3457,742703.3401,-123
7670,7670,8,250418.8457,742690.8401,-46
7671,7671,8,250431.3457,742690.8401,-47
7672,7672,8,250443.8457,742690.8401,-49
7673,7673,8,250456.3457,742690.8401,-51
7674,7674,8,250468.8457,742690.8401,-51
7675,7675,8,250481.3457,742690.8401,-51
7676,7676,8,250493.8457,742690.8401,-50
7677,7677,8,250506.3457,742690.8401,-50
7678,7678,8,250518.8457,742690.8401,-57
7679,7679,8,250531.3457,742690.8401,-57
7680,7680,8,250543.8457,742690.8401,-59
7681,7681,8,250556.3457,742690.8401,-61
7682,7682,8,250568.8457,742690.8401,-63
7683,7683,8,250581.3457,742690.8401,-67
7684,7684,8,250593.8457,742690.8401,-71
7685,7685,8,250606.3457,742690.8401,-74
7686,7686,8,250618.8457,742690.8401,-79
7687,7687,8,250631.3457,742690.8401,-83
7688,7688,8,250643.8457,742690.8401,-88
7689,7689,8,250656.3457,742690.8401,-94
7690,7690,8,250668.8457,742690.8401,-100
7696,7696,7,250743.8457,742690.8401,-113
7697,7697,8,250756.3457,742690.8401,-114
7698,7698,8,250768.8457,742690.8401,-114
7699,7699,8,250781.3457,742690.8401,-114
7700,7700,8,250793.8457,742690.8401,-114
7701,7701,8,250806.3457,742690.8401,-116
7702,7702,8,250818.8457,742690.8401,-119
7703,7703,8,250831.3457,742690.8401,-122
7748,7748,8,250418.8457,742678.3401,-36
7749,7749,8,250431.3457,742678.3401,-39
7750,7750,8,250443.8457,742678.3401,-40
7751,7751,8,250456.3457,742678.3401,-42
7752,7752,8,250468.8457,742678.3401,-43
7753,7753,8,250481.3457,742678.3401,-43
7754,7754,8,250493.8457,742678.3401,-43
7755,7755,8,250506.3457,742678.3401,-44
7756,7756,8,250518.8457,742678.3401,-50
7757,7757,8,250531.3457,742678.3401,-51
7758,7758,8,250543.8457,742678.3401,-54
7759,7759,8,250556.3457,742678.3401,-57
7760,7760,8,250568.8457,742678.3401,-60
7761,7761,8,250581.3457,742678.3401,-63
7762,7762,8,250593.8457,742678.3401,-67
7763,7763,8,250606.3457,742678.3401,-71
7764,7764,8,250618.8457,742678.3401,-75
7765,7765,8,250631.3457,742678.3401,-80
7766,7766,8,250643.8457,742678.3401,-86
7767,7767,8,250656.3457,742678.3401,-92
7768,7768,8,250668.8457,742678.3401,-98
7769,7769,7,250681.3457,742678.3401,-103
7772,7772,7,250718.8457,742678.3401,-109
7773,7773,8,250731.3457,742678.3401,-110
7774,7774,8,250743.8457,742678.3401,-111
7775,7775,8,250756.3457,742678.3401,-112
7776,7776,8,250768.8457,742678.3401,-112
7778,7778,8,250793.8457,742678.3401,-113
7779,7779,8,250806.3457,742678.3401,-114
7780,7780,8,250818.8457,742678.3401,-117
7781,7781,8,250831.3457,742678.3401,-120
7827,7827,8,250418.8457,742665.8401,-27
7828,7828,8,250431.3457,742665.8401,-30
7829,7829,8,250443.8457,742665.8401,-32
7830,7830,8,250456.3457,742665.8401,-33
7831,7831,8,250468.8457,742665.8401,-34
7832,7832,8,250481.3457,742665.8401,-35
7833,7833,8,250493.8457,742665.8401,-36
7834,7834,8,250506.3457,742665.8401,-38
7835,7835,8,250518.8457,742665.8401,-45
7836,7836,8,250531.3457,742665.8401,-47
7837,7837,8,250543.8457,742665.8401,-50
7838,7838,8,250556.3457,742665.8401,-55
7839,7839,8,250568.8457,742665.8401,-58
7840,7840,8,250581.3457,742665.8401,-62
7841,7841,8,250593.8457,742665.8401,-66
7842,7842,8,250606.3457,742665.8401,-70
7843,7843,8,250618.8457,742665.8401,-75
7844,7844,8,250631.3457,742665.8401,-79
7845,7845,8,250643.8457,742665.8401,-85
7846,7846,8,250656.3457,742665.8401,-90
7847,7847,8,250668.8457,742665.8401,-96
7848,7848,8,250681.3457,742665.8401,-101
7849,7849,7,250693.8457,742665.8401,-104
7850,7850,7,250706.3457,742665.8401,-106
7851,7851,8,250718.8457,742665.8401,-107
7852,7852,8,250731.3457,742665.8401,-108
7853,7853,8,250743.8457,742665.8401,-108
7854,7854,8,250756.3457,742665.8401,-109
7855,7855,8,250768.8457,742665.8401,-110
7856,7856,8,250781.3457,742665.8401,-111
7857,7857,8,250793.8457,742665.8401,-111
7858,7858,8,250806.3457,742665.8401,-113
7859,7859,8,250818.8457,742665.8401,-114
7860,7860,8,250831.3457,742665.8401,-117
7861,7861,8,250843.8457,742665.8401,-121
7906,7906,8,250418.8457,742653.3401,-20
7907,7907,8,250431.3457,742653.3401,-23
7908,7908,8,250443.8457,742653.3401,-25
7909,7909,8,250456.3457,742653.3401,-26
7910,7910,8,250468.8457,742653.3401,-28
7911,7911,8,250481.3457,742653.3401,-29
7912,7912,8,250493.8457,742653.3401,-31
7913,7913,8,250506.3457,742653.3401,-33
7914,7914,8,250518.8457,742653.3401,-40
7915,7915,8,250531.3457,742653.3401,-43
7916,7916,8,250543.8457,742653.3401,-48
7917,7917,8,250556.3457,742653.3401,-53
7918,7918,8,250568.8457,742653.3401,-58
7922,7922,7,250618.8457,742653.3401,-75
7924,7924,8,250643.8457,742653.3401,-84
7925,7925,8,250656.3457,742653.3401,-89
7926,7926,8,250668.8457,742653.3401,-95
7927,7927,8,250681.3457,742653.3401,-99
7928,7928,8,250693.8457,742653.3401,-102
7929,7929,8,250706.3457,742653.3401,-103
7930,7930,8,250718.8457,742653.3401,-104
7931,7931,8,250731.3457,742653.3401,-105
7932,7932,8,250743.8457,742653.3401,-106
7933,7933,8,250756.3457,742653.3401,-107
7934,7934,8,250768.8457,742653.3401,-108
7935,7935,8,250781.3457,742653.3401,-109
7936,7936,8,250793.8457,742653.3401,-110
7937,7937,8,250806.3457,742653.3401,-111
7938,7938,8,250818.8457,742653.3401,-111
7939,7939,8,250831.3457,742653.3401,-114
7940,7940,8,250843.8457,742653.3401,-118
7941,7941,7,250856.3457,742653.3401,-123
7985,7985,8,250418.8457,742640.8401,-15
7986,7986,8,250431.3457,742640.8401,-17
7987,7987,8,250443.8457,742640.8401,-19
7988,7988,8,250456.3457,742640.8401,-22
7989,7989,8,250468.8457,742640.8401,-24
7990,7990,8,250481.3457,742640.8401,-25
7991,7991,8,250493.8457,742640.8401,-27
7992,7992,8,250506.3457,742640.8401,-29
7993,7993,8,250518.8457,742640.8401,-36
7994,7994,8,250531.3457,742640.8401,-40
7995,7995,8,250543.8457,742640.8401,-46
7996,7996,7,250556.3457,742640.8401,-53
7997,7997,8,250568.8457,742640.8401,-58
8003,8003,8,250643.8457,742640.8401,-83
8004,8004,8,250656.3457,742640.8401,-87
8005,8005,8,250668.8457,742640.8401,-92
8006,8006,8,250681.3457,742640.8401,-97
8007,8007,8,250693.8457,742640.8401,-99
8008,8008,8,250706.3457,742640.8401,-101
8009,8009,8,250718.8457,742640.8401,-102
8010,8010,8,250731.3457,742640.8401,-102
8011,8011,8,250743.8457,742640.8401,-103
8012,8012,8,250756.3457,742640.8401,-105
8013,8013,8,250768.8457,742640.8401,-106
8014,8014,8,250781.3457,742640.8401,-107
8015,8015,8,250793.8457,742640.8401,-108
8016,8016,8,250806.3457,742640.8401,-108
8017,8017,8,250818.8457,742640.8401,-108
8018,8018,8,250831.3457,742640.8401,-110
8019,8019,8,250843.8457,742640.8401,-114
8020,8020,8,250856.3457,742640.8401,-119
8064,8064,8,250418.8457,742628.3401,-11
8065,8065,8,250431.3457,742628.3401,-13
8066,8066,8,250443.8457,742628.3401,-15
8067,8067,8,250456.3457,742628.3401,-18
8068,8068,8,250468.8457,742628.3401,-21
8069,8069,8,250481.3457,742628.3401,-23
8070,8070,8,250493.8457,742628.3401,-24
8071,8071,8,250506.3457,742628.3401,-27
8072,8072,8,250518.8457,742628.3401,-33
8073,8073,8,250531.3457,742628.3401,-37
8074,8074,8,250543.8457,742628.3401,-45
8075,8075,8,250556.3457,742628.3401,-52
8081,8081,7,250631.3457,742628.3401,-80
8082,8082,7,250643.8457,742628.3401,-83
8083,8083,8,250656.3457,742628.3401,-86
8084,8084,8,250668.8457,742628.3401,-90
8085,8085,8,250681.3457,742628.3401,-94
8086,8086,8,250693.8457,742628.3401,-96
8087,8087,8,250706.3457,742628.3401,-98
8088,8088,8,250718.8457,742628.3401,-99
8089,8089,8,250731.3457,742628.3401,-100
8090,8090,8,250743.8457,742628.3401,-100
8091,8091,8,250756.3457,742628.3401,-101
8092,8092,8,250768.8457,742628.3401,-102
8093,8093,8,250781.3457,742628.3401,-103
8094,8094,8,250793.8457,742628.3401,-104
8095,8095,8,250806.3457,742628.3401,-105
8096,8096,8,250818.8457,742628.3401,-105
8097,8097,8,250831.3457,742628.3401,-106
8098,8098,8,250843.8457,742628.3401,-110
8099,8099,8,250856.3457,742628.3401,-114
8100,8100,8,250868.8457,742628.3401,-119
8101,8101,7,250881.3457,742628.3401,-124
8143,8143,8,250418.8457,742615.8401,-6
8144,8144,8,250431.3457,742615.8401,-9
8145,8145,8,250443.8457,742615.8401,-12
8146,8146,8,250456.3457,742615.8401,-16
8147,8147,8,250468.8457,742615.8401,-19
8148,8148,8,250481.3457,742615.8401,-21
8149,8149,8,250493.8457,742615.8401,-22
8150,8150,8,250506.3457,742615.8401,-26
8151,8151,8,250518.8457,742615.8401,-31
8152,8152,8,250531.3457,742615.8401,-36
8153,8153,8,250543.8457,742615.8401,-44
8154,8154,8,250556.3457,742615.8401,-52
8160,8160,7,250631.3457,742615.8401,-80
8161,8161,8,250643.8457,742615.8401,-82
8162,8162,8,250656.3457,742615.8401,-85
8163,8163,8,250668.8457,742615.8401,-88
8164,8164,8,250681.3457,742615.8401,-90
8165,8165,8,250693.8457,742615.8401,-93
8166,8166,8,250706.3457,742615.8401,-96
8167,8167,8,250718.8457,742615.8401,-97
8168,8168,8,250731.3457,742615.8401,-97
8169,8169,8,250743.8457,742615.8401,-97
8170,8170,8,250756.3457,742615.8401,-98
8171,8171,8,250768.8457,742615.8401,-99
8172,8172,8,250781.3457,742615.8401,-100
8173,8173,8,250793.8457,742615.8401,-101
8174,8174,8,250806.3457,742615.8401,-101
8175,8175,8,250818.8457,742615.8401,-101
8176,8176,8,250831.3457,742615.8401,-102
8177,8177,8,250843.8457,742615.8401,-105
8178,8178,8,250856.3457,742615.8401,-108
8179,8179,8,250868.8457,742615.8401,-112
8180,8180,8,250881.3457,742615.8401,-118
8181,8181,7,250893.8457,742615.8401,-123
8223,8223,8,250418.8457,742603.3401,-2
8224,8224,8,250431.3457,742603.3401,-6
8225,8225,8,250443.8457,742603.3401,-10
8226,8226,8,250456.3457,742603.3401,-15
8227,8227,8,250468.8457,742603.3401,-18
8230,8230,8,250506.3457,742603.3401,-26
8231,8231,8,250518.8457,742603.3401,-31
8232,8232,8,250531.3457,742603.3401,-37
8233,8233,8,250543.8457,742603.3401,-44
8234,8234,8,250556.3457,742603.3401,-53
8240,8240,7,250631.3457,742603.3401,-79
8241,8241,8,250643.8457,742603.3401,-81
8242,8242,8,250656.3457,742603.3401,-83
8243,8243,8,250668.8457,742603.3401,-85
8244,8244,8,250681.3457,742603.3401,-87
8245,8245,8,250693.8457,742603.3401,-90
8246,8246,8,250706.3457,742603.3401,-93
8247,8247,8,250718.8457,742603.3401,-94
8248,8248,8,250731.3457,742603.3401,-94
8249,8249,8,250743.8457,742603.3401,-94
8250,8250,8,250756.3457,742603.3401,-95
8251,8251,8,250768.8457,742603.3401,-95
8252,8252,8,250781.3457,742603.3401,-96
8253,8253,8,250793.8457,742603.3401,-97
8254,8254,8,250806.3457,742603.3401,-98
8255,8255,8,250818.8457,742603.3401,-97
8256,8256,8,250831.3457,742603.3401,-98
8257,8257,8,250843.8457,742603.3401,-99
8258,8258,8,250856.3457,742603.3401,-100
8259,8259,8,250868.8457,742603.3401,-104
8260,8260,8,250881.3457,742603.3401,-109
8261,8261,8,250893.8457,742603.3401,-115
8262,8262,8,250906.3457,742603.3401,-121
8263,8263,7,250918.8457,742603.3401,-126
8303,8303,8,250418.8457,742590.8401,1
8304,8304,8,250431.3457,742590.8401,-4
8305,8305,8,250443.8457,742590.8401,-9
8306,8306,8,250456.3457,742590.8401,-14
8310,8310,8,250506.3457,742590.8401,-26
8313,8313,7,250543.8457,742590.8401,-45
8314,8314,8,250556.3457,742590.8401,-53
8319,8319,8,250618.8457,742590.8401,-76
8320,8320,8,250631.3457,742590.8401,-77
8321,8321,8,250643.8457,742590.8401,-79
8322,8322,8,250656.3457,742590.8401,-80
8323,8323,8,250668.8457,742590.8401,-82
8324,8324,8,250681.3457,742590.8401,-84
8325,8325,8,250693.8457,742590.8401,-87
8326,8326,8,250706.3457,742590.8401,-90
8327,8327,8,250718.8457,742590.8401,-91
8328,8328,8,250731.3457,742590.8401,-91
8329,8329,8,250743.8457,742590.8401,-91
8330,8330,8,250756.3457,742590.8401,-92
8331,8331,8,250768.8457,742590.8401,-92
8332,8332,8,250781.3457,742590.8401,-93
8333,8333,8,250793.8457,742590.8401,-94
8334,8334,8,250806.3457,742590.8401,-94
8335,8335,8,250818.8457,742590.8401,-94
8336,8336,8,250831.3457,742590.8401,-93
8337,8337,8,250843.8457,742590.8401,-92
8338,8338,8,250856.3457,742590.8401,-92
8339,8339,8,250868.8457,742590.8401,-95
8340,8340,8,250881.3457,742590.8401,-100
8341,8341,8,250893.8457,742590.8401,-105
8342,8342,8,250906.3457,742590.8401,-112
8343,8343,8,250918.8457,742590.8401,-118
8344,8344,8,250931.3457,742590.8401,-121
8345,8345,8,250943.8457,742590.8401,-123
8346,8346,7,250956.3457,742590.8401,-130
8383,8383,8,250418.8457,742578.3401,4
8384,8384,8,250431.3457,742578.3401,-3
8385,8385,8,250443.8457,742578.3401,-9
8386,8386,8,250456.3457,742578.3401,-13
8391,8391,7,250518.8457,742578.3401,-32
8392,8392,7,250531.3457,742578.3401,-39
8393,8393,8,250543.8457,742578.3401,-46
8394,8394,8,250556.3457,742578.3401,-52
8395,8395,7,250568.8457,742578.3401,-59
8398,8398,7,250606.3457,742578.3401,-72
8399,8399,8,250618.8457,742578.3401,-74
8400,8400,8,250631.3457,742578.3401,-76
8401,8401,8,250643.8457,742578.3401,-77
8402,8402,8,250656.3457,742578.3401,-79
8403,8403,8,250668.8457,742578.3401,-80
8404,8404,8,250681.3457,742578.3401,-81
8405,8405,8,250693.8457,742578.3401,-84
8406,8406,8,250706.3457,742578.3401,-87
8407,8407,8,250718.8457,742578.3401,-88
8408,8408,8,250731.3457,742578.3401,-88
8409,8409,8,250743.8457,742578.3401,-88
8410,8410,8,250756.3457,742578.3401,-89
8411,8411,8,250768.8457,742578.3401,-89
8412,8412,8,250781.3457,742578.3401,-90
8413,8413,8,250793.8457,742578.3401,-91
8414,8414,8,250806.3457,742578.3401,-91
8415,8415,8,250818.8457,742578.3401,-90
8416,8416,8,250831.3457,742578.3401,-90
8417,8417,8,250843.8457,742578.3401,-88
8418,8418,8,250856.3457,742578.3401,-87
8419,8419,8,250868.8457,742578.3401,-89
8420,8420,8,250881.3457,742578.3401,-93
8421,8421,8,250893.8457,742578.3401,-98
8422,8422,8,250906.3457,742578.3401,-104
8423,8423,8,250918.8457,742578.3401,-110
8424,8424,8,250931.3457,742578.3401,-113
8425,8425,8,250943.8457,742578.3401,-115
8426,8426,8,250956.3457,742578.3401,-123
8463,8463,8,250418.8457,742565.8401,7
8464,8464,8,250431.3457,742565.8401,-2
8465,8465,8,250443.8457,742565.8401,-8
8471,8471,7,250518.8457,742565.8401,-33
8472,8472,8,250531.3457,742565.8401,-39
8473,8473,8,250543.8457,742565.8401,-45
8474,8474,8,250556.3457,742565.8401,-52
8475,8475,8,250568.8457,742565.8401,-57
8476,8476,8,250581.3457,742565.8401,-62
8477,8477,8,250593.8457,742565.8401,-66
8478,8478,8,250606.3457,742565.8401,-70
8479,8479,8,250618.8457,742565.8401,-73
8480,8480,8,250631.3457,742565.8401,-75
8481,8481,8,250643.8457,742565.8401,-76
8482,8482,8,250656.3457,742565.8401,-77
8483,8483,8,250668.8457,742565.8401,-78
8484,8484,8,250681.3457,742565.8401,-79
8485,8485,8,250693.8457,742565.8401,-81
8486,8486,8,250706.3457,742565.8401,-83
8487,8487,8,250718.8457,742565.8401,-84
8488,8488,8,250731.3457,742565.8401,-85
8489,8489,8,250743.8457,742565.8401,-86
8490,8490,8,250756.3457,742565.8401,-87
8491,8491,8,250768.8457,742565.8401,-87
8492,8492,8,250781.3457,742565.8401,-88
8493,8493,8,250793.8457,742565.8401,-89
8494,8494,8,250806.3457,742565.8401,-89
8495,8495,8,250818.8457,742565.8401,-87
8496,8496,8,250831.3457,742565.8401,-86
8497,8497,8,250843.8457,742565.8401,-85
8498,8498,8,250856.3457,742565.8401,-84
8499,8499,8,250868.8457,742565.8401,-85
8500,8500,8,250881.3457,742565.8401,-88
8501,8501,8,250893.8457,742565.8401,-91
8502,8502,8,250906.3457,742565.8401,-97
8503,8503,8,250918.8457,742565.8401,-102
8504,8504,8,250931.3457,742565.8401,-105
8505,8505,8,250943.8457,742565.8401,-108
8506,8506,8,250956.3457,742565.8401,-117
8543,8543,8,250418.8457,742553.3401,8
8544,8544,8,250431.3457,742553.3401,-1
8545,8545,7,250443.8457,742553.3401,-8
8551,8551,8,250518.8457,742553.3401,-33
8552,8552,8,250531.3457,742553.3401,-39
8553,8553,8,250543.8457,742553.3401,-45
8554,8554,8,250556.3457,742553.3401,-51
8555,8555,8,250568.8457,742553.3401,-55
8556,8556,8,250581.3457,742553.3401,-59
8557,8557,8,250593.8457,742553.3401,-63
8558,8558,8,250606.3457,742553.3401,-67
8559,8559,8,250618.8457,742553.3401,-70
8560,8560,8,250631.3457,742553.3401,-72
8561,8561,8,250643.8457,742553.3401,-74
8562,8562,8,250656.3457,742553.3401,-75
8564,8564,8,250681.3457,742553.3401,-78
8565,8565,8,250693.8457,742553.3401,-79
8566,8566,8,250706.3457,742553.3401,-80
8567,8567,8,250718.8457,742553.3401,-82
8568,8568,8,250731.3457,742553.3401,-83
8569,8569,8,250743.8457,742553.3401,-84
8570,8570,8,250756.3457,742553.3401,-85
8571,8571,8,250768.8457,742553.3401,-86
8572,8572,8,250781.3457,742553.3401,-86
8573,8573,8,250793.8457,742553.3401,-87
8574,8574,8,250806.3457,742553.3401,-86
8575,8575,8,250818.8457,742553.3401,-84
8576,8576,8,250831.3457,742553.3401,-83
8577,8577,8,250843.8457,742553.3401,-81
8578,8578,8,250856.3457,742553.3401,-80
8579,8579,8,250868.8457,742553.3401,-80
8580,8580,8,250881.3457,742553.3401,-82
8581,8581,8,250893.8457,742553.3401,-85
8582,8582,8,250906.3457,742553.3401,-89
8583,8583,8,250918.8457,742553.3401,-93
8584,8584,8,250931.3457,742553.3401,-96
8585,8585,8,250943.8457,742553.3401,-101
8586,8586,8,250956.3457,742553.3401,-110
8587,8587,8,250968.8457,742553.3401,-123
8623,8623,8,250418.8457,742540.8401,9
8624,8624,7,250443.8457,742540.8401,-8
8631,8631,8,250531.3457,742540.8401,-39
8632,8632,8,250543.8457,742540.8401,-45
8633,8633,8,250556.3457,742540.8401,-50
8634,8634,8,250568.8457,742540.8401,-54
8635,8635,8,250581.3457,742540.8401,-57
8636,8636,8,250593.8457,742540.8401,-60
8637,8637,8,250606.3457,742540.8401,-64
8638,8638,8,250618.8457,742540.8401,-67
8639,8639,8,250631.3457,742540.8401,-69
8640,8640,8,250643.8457,742540.8401,-71
8641,8641,8,250656.3457,742540.8401,-73
8642,8642,8,250668.8457,742540.8401,-75
8643,8643,8,250681.3457,742540.8401,-76
8644,8644,8,250693.8457,742540.8401,-77
8645,8645,8,250706.3457,742540.8401,-78
8646,8646,8,250718.8457,742540.8401,-80
8647,8647,8,250731.3457,742540.8401,-82
8651,8651,7,250781.3457,742540.8401,-85
8652,8652,8,250793.8457,742540.8401,-85
8654,8654,7,250818.8457,742540.8401,-82
8655,8655,8,250831.3457,742540.8401,-80
8656,8656,8,250843.8457,742540.8401,-78
8657,8657,8,250856.3457,742540.8401,-76
8658,8658,8,250868.8457,742540.8401,-76
8659,8659,8,250881.3457,742540.8401,-76
8660,8660,8,250893.8457,742540.8401,-77
8661,8661,8,250906.3457,742540.8401,-80
8662,8662,8,250918.8457,742540.8401,-83
8663,8663,8,250931.3457,742540.8401,-88
8664,8664,8,250943.8457,742540.8401,-94
8665,8665,8,250956.3457,742540.8401,-102
8666,8666,8,250968.8457,742540.8401,-113
8667,8667,8,250981.3457,742540.8401,-124
8703,8703,8,250418.8457,742528.3401,10
8704,8704,8,250443.8457,742528.3401,-7
8710,8710,7,250518.8457,742528.3401,-34
8711,8711,8,250531.3457,742528.3401,-39
8712,8712,8,250543.8457,742528.3401,-44
8713,8713,8,250556.3457,742528.3401,-49
8714,8714,8,250568.8457,742528.3401,-53
8715,8715,8,250581.3457,742528.3401,-55
8716,8716,8,250593.8457,742528.3401,-57
8717,8717,8,250606.3457,742528.3401,-60
8718,8718,8,250618.8457,742528.3401,-63
8719,8719,8,250631.3457,742528.3401,-66
8720,8720,8,250643.8457,742528.3401,-68
8721,8721,8,250656.3457,742528.3401,-71
8722,8722,8,250668.8457,742528.3401,-73
8723,8723,7,250681.3457,742528.3401,-75
8724,8724,7,250693.8457,742528.3401,-76
8725,8725,8,250706.3457,742528.3401,-77
8726,8726,8,250718.8457,742528.3401,-79
8732,8732,8,250793.8457,742528.3401,-83
8733,8733,7,250806.3457,742528.3401,-81
8734,8734,8,250818.8457,742528.3401,-79
8735,8735,8,250831.3457,742528.3401,-76
8736,8736,8,250843.8457,742528.3401,-74
8737,8737,8,250856.3457,742528.3401,-71
8738,8738,8,250868.8457,742528.3401,-70
8739,8739,8,250881.3457,742528.3401,-69
8740,8740,8,250893.8457,742528.3401,-70
8741,8741,8,250906.3457,742528.3401,-71
8742,8742,8,250918.8457,742528.3401,-73
8743,8743,8,250931.3457,742528.3401,-79
8744,8744,8,250943.8457,742528.3401,-86
8745,8745,8,250956.3457,742528.3401,-94
8746,8746,8,250968.8457,742528.3401,-102
8747,8747,8,250981.3457,742528.3401,-111
8748,8748,8,250993.8457,742528.3401,-124
8783,8783,8,250418.8457,742515.8401,11
8784,8784,8,250431.3457,742515.8401,1
8785,8785,8,250443.8457,742515.8401,-7
8791,8791,7,250518.8457,742515.8401,-34
8792,8792,8,250531.3457,742515.8401,-39
8793,8793,8,250543.8457,742515.8401,-44
8794,8794,7,250556.3457,742515.8401,-49
8795,8795,8,250568.8457,742515.8401,-51
8796,8796,8,250581.3457,742515.8401,-53
8797,8797,8,250593.8457,742515.8401,-55
8798,8798,8,250606.3457,742515.8401,-56
8799,8799,8,250618.8457,742515.8401,-58
8800,8800,8,250631.3457,742515.8401,-62
8801,8801,8,250643.8457,742515.8401,-65
8802,8802,8,250656.3457,742515.8401,-68
8803,8803,8,250668.8457,742515.8401,-71
8804,8804,8,250681.3457,742515.8401,-73
8815,8815,8,250818.8457,742515.8401,-75
8816,8816,8,250831.3457,742515.8401,-71
8817,8817,8,250843.8457,742515.8401,-68
8818,8818,8,250856.3457,742515.8401,-65
8819,8819,8,250868.8457,742515.8401,-63
8820,8820,8,250881.3457,742515.8401,-62
8821,8821,8,250893.8457,742515.8401,-62
8822,8822,8,250906.3457,742515.8401,-63
8823,8823,8,250918.8457,742515.8401,-66
8824,8824,8,250931.3457,742515.8401,-71
8825,8825,8,250943.8457,742515.8401,-78
8826,8826,8,250956.3457,742515.8401,-84
8827,8827,8,250968.8457,742515.8401,-90
8828,8828,8,250981.3457,742515.8401,-99
8829,8829,8,250993.8457,742515.8401,-110
8830,8830,8,251006.3457,742515.8401,-122
8831,8831,7,251018.8457,742515.8401,-133
8864,8864,8,250431.3457,742503.3401,2
8865,8865,8,250443.8457,742503.3401,-7
8873,8873,8,250543.8457,742503.3401,-44
8874,8874,7,250556.3457,742503.3401,-48
8875,8875,8,250568.8457,742503.3401,-50
8876,8876,8,250581.3457,742503.3401,-52
8877,8877,8,250593.8457,742503.3401,-53
8878,8878,8,250606.3457,742503.3401,-53
8879,8879,8,250618.8457,742503.3401,-54
8880,8880,8,250631.3457,742503.3401,-57
8881,8881,8,250643.8457,742503.3401,-61
8882,8882,8,250656.3457,742503.3401,-65
8883,8883,8,250668.8457,742503.3401,-68
8884,8884,8,250681.3457,742503.3401,-71
8894,8894,8,250806.3457,742503.3401,-75
8895,8895,8,250818.8457,742503.3401,-70
8896,8896,8,250831.3457,742503.3401,-65
8897,8897,8,250843.8457,742503.3401,-61
8898,8898,8,250856.3457,742503.3401,-57
8899,8899,8,250868.8457,742503.3401,-54
8900,8900,8,250881.3457,742503.3401,-53
8901,8901,8,250893.8457,742503.3401,-54
8902,8902,8,250906.3457,742503.3401,-56
8903,8903,8,250918.8457,742503.3401,-59
8904,8904,8,250931.3457,742503.3401,-63
8905,8905,8,250943.8457,742503.3401,-69
8906,8906,8,250956.3457,742503.3401,-74
8907,8907,8,250968.8457,742503.3401,-79
8908,8908,8,250981.3457,742503.3401,-86
8909,8909,8,250993.8457,742503.3401,-95
8910,8910,8,251006.3457,742503.3401,-105
8911,8911,8,251018.8457,742503.3401,-118
8912,8912,7,251031.3457,742503.3401,-131
8944,8944,8,250431.3457,742490.8401,3
8945,8945,7,250443.8457,742490.8401,-6
8951,8951,8,250518.8457,742490.8401,-35
8953,8953,8,250543.8457,742490.8401,-44
8954,8954,8,250556.3457,742490.8401,-47
8955,8955,8,250568.8457,742490.8401,-49
8956,8956,8,250581.3457,742490.8401,-50
8957,8957,8,250593.8457,742490.8401,-50
8958,8958,8,250606.3457,742490.8401,-50
8959,8959,8,250618.8457,742490.8401,-51
8960,8960,8,250631.3457,742490.8401,-54
8961,8961,8,250643.8457,742490.8401,-58
8962,8962,8,250656.3457,742490.8401,-62
8963,8963,8,250668.8457,742490.8401,-66
8964,8964,7,250681.3457,742490.8401,-70
8975,8975,8,250818.8457,742490.8401,-65
8976,8976,8,250831.3457,742490.8401,-60
8977,8977,8,250843.8457,742490.8401,-54
8978,8978,8,250856.3457,742490.8401,-50
8979,8979,8,250868.8457,742490.8401,-47
8980,8980,8,250881.3457,742490.8401,-46
8981,8981,8,250893.8457,742490.8401,-46
8982,8982,8,250906.3457,742490.8401,-49
8983,8983,8,250918.8457,742490.8401,-52
8984,8984,8,250931.3457,742490.8401,-56
8985,8985,8,250943.8457,742490.8401,-60
8986,8986,8,250956.3457,742490.8401,-65
8987,8987,8,250968.8457,742490.8401,-69
8988,8988,8,250981.3457,742490.8401,-75
8989,8989,8,250993.8457,742490.8401,-83
8990,8990,8,251006.3457,742490.8401,-92
8991,8991,8,251018.8457,742490.8401,-104
8992,8992,8,251031.3457,742490.8401,-119
8993,8993,7,251043.8457,742490.8401,-131
9024,9024,8,250431.3457,742478.3401,4
9025,9025,8,250443.8457,742478.3401,-5
9028,9028,7,250481.3457,742478.3401,-21
9029,9029,7,250493.8457,742478.3401,-25
9030,9030,7,250506.3457,742478.3401,-30
9031,9031,8,250518.8457,742478.3401,-35
9033,9033,8,250543.8457,742478.3401,-43
9034,9034,8,250556.3457,742478.3401,-46
9036,9036,8,250581.3457,742478.3401,-48
9037,9037,8,250593.8457,742478.3401,-48
9038,9038,8,250606.3457,742478.3401,-47
9039,9039,8,250618.8457,742478.3401,-48
9040,9040,8,250631.3457,742478.3401,-51
9041,9041,8,250643.8457,742478.3401,-56
9042,9042,8,250656.3457,742478.3401,-61
9043,9043,8,250668.8457,742478.3401,-65
9052,9052,7,250781.3457,742478.3401,-75
9053,9053,8,250793.8457,742478.3401,-70
9054,9054,8,250806.3457,742478.3401,-65
9055,9055,8,250818.8457,742478.3401,-60
9056,9056,8,250831.3457,742478.3401,-54
9057,9057,8,250843.8457,742478.3401,-48
9058,9058,8,250856.3457,742478.3401,-44
9059,9059,8,250868.8457,742478.3401,-40
9060,9060,8,250881.3457,742478.3401,-38
9061,9061,8,250893.8457,742478.3401,-38
9062,9062,8,250906.3457,742478.3401,-41
9063,9063,8,250918.8457,742478.3401,-45
9064,9064,8,250931.3457,742478.3401,-48
9065,9065,8,250943.8457,742478.3401,-51
9066,9066,8,250956.3457,742478.3401,-56
9067,9067,8,250968.8457,742478.3401,-61
9068,9068,8,250981.3457,742478.3401,-67
9069,9069,8,250993.8457,742478.3401,-73
9070,9070,8,251006.3457,742478.3401,-81
9071,9071,8,251018.8457,742478.3401,-92
9072,9072,8,251031.3457,742478.3401,-104
9073,9073,8,251043.8457,742478.3401,-115
9074,9074,8,251056.3457,742478.3401,-124
9075,9075,7,251068.8457,742478.3401,-134
9105,9105,8,250431.3457,742465.8401,6
9106,9106,8,250443.8457,742465.8401,-3
9107,9107,8,250456.3457,742465.8401,-9
9108,9108,7,250468.8457,742465.8401,-15
9109,9109,7,250481.3457,742465.8401,-20
9110,9110,8,250493.8457,742465.8401,-24
9111,9111,8,250506.3457,742465.8401,-28
9112,9112,8,250518.8457,742465.8401,-35
9113,9113,8,250531.3457,742465.8401,-39
9114,9114,8,250543.8457,742465.8401,-42
9115,9115,8,250556.3457,742465.8401,-45
9117,9117,8,250581.3457,742465.8401,-46
9119,9119,8,250606.3457,742465.8401,-45
9120,9120,8,250618.8457,742465.8401,-46
9121,9121,8,250631.3457,742465.8401,-49
9122,9122,8,250643.8457,742465.8401,-54
9123,9123,8,250656.3457,742465.8401,-59
9124,9124,8,250668.8457,742465.8401,-64
9125,9125,8,250681.3457,742465.8401,-69
9131,9131,8,250756.3457,742465.8401,-76
9132,9132,8,250768.8457,742465.8401,-73
9133,9133,8,250781.3457,742465.8401,-68
9134,9134,8,250793.8457,742465.8401,-63
9135,9135,8,250806.3457,742465.8401,-58
9136,9136,8,250818.8457,742465.8401,-53
9137,9137,8,250831.3457,742465.8401,-48
9138,9138,8,250843.8457,742465.8401,-42
9139,9139,8,250856.3457,742465.8401,-38
9140,9140,8,250868.8457,742465.8401,-34
9141,9141,8,250881.3457,742465.8401,-31
9142,9142,8,250893.8457,742465.8401,-31
9143,9143,8,250906.3457,742465.8401,-35
9144,9144,8,250918.8457,742465.8401,-39
9145,9145,8,250931.3457,742465.8401,-42
9146,9146,8,250943.8457,742465.8401,-44
9147,9147,8,250956.3457,742465.8401,-49
9148,9148,8,250968.8457,742465.8401,-54
9149,9149,8,250981.3457,742465.8401,-60
9150,9150,8,250993.8457,742465.8401,-66
9151,9151,8,251006.3457,742465.8401,-73
9152,9152,8,251018.8457,742465.8401,-82
9153,9153,8,251031.3457,742465.8401,-92
9154,9154,8,251043.8457,742465.8401,-101
9155,9155,8,251056.3457,742465.8401,-108
9156,9156,8,251068.8457,742465.8401,-118
9157,9157,7,251081.3457,742465.8401,-133
9186,9186,8,250431.3457,742453.3401,8
9187,9187,8,250456.3457,742453.3401,-7
9188,9188,8,250468.8457,742453.3401,-12
9189,9189,8,250481.3457,742453.3401,-17
9190,9190,8,250493.8457,742453.3401,-21
9191,9191,8,250506.3457,742453.3401,-26
9192,9192,8,250518.8457,742453.3401,-33
9193,9193,8,250531.3457,742453.3401,-37
9194,9194,8,250543.8457,742453.3401,-40
9195,9195,8,250556.3457,742453.3401,-42
9196,9196,8,250568.8457,742453.3401,-43
9197,9197,8,250581.3457,742453.3401,-43
9199,9199,8,250606.3457,742453.3401,-43
9200,9200,8,250618.8457,742453.3401,-44
9201,9201,8,250631.3457,742453.3401,-48
9202,9202,8,250643.8457,742453.3401,-52
9203,9203,8,250656.3457,742453.3401,-57
9204,9204,8,250668.8457,742453.3401,-62
9205,9205,8,250681.3457,742453.3401,-67
9206,9206,8,250693.8457,742453.3401,-70
9207,9207,8,250706.3457,742453.3401,-72
9208,9208,8,250718.8457,742453.3401,-73
9209,9209,8,250731.3457,742453.3401,-73
9210,9210,8,250743.8457,742453.3401,-71
9211,9211,8,250756.3457,742453.3401,-67
9212,9212,8,250768.8457,742453.3401,-63
9213,9213,8,250781.3457,742453.3401,-57
9214,9214,8,250793.8457,742453.3401,-52
9215,9215,8,250806.3457,742453.3401,-48
9216,9216,8,250818.8457,742453.3401,-44
9217,9217,8,250831.3457,742453.3401,-41
9218,9218,8,250843.8457,742453.3401,-36
9219,9219,8,250856.3457,742453.3401,-32
9220,9220,8,250868.8457,742453.3401,-29
9221,9221,8,250881.3457,742453.3401,-27
9222,9222,8,250893.8457,742453.3401,-27
9223,9223,8,250906.3457,742453.3401,-31
9224,9224,8,250918.8457,742453.3401,-35
9225,9225,8,250931.3457,742453.3401,-38
9226,9226,8,250943.8457,742453.3401,-41
9227,9227,8,250956.3457,742453.3401,-45
9228,9228,8,250968.8457,742453.3401,-50
9229,9229,8,250981.3457,742453.3401,-56
9230,9230,8,250993.8457,742453.3401,-62
9231,9231,8,251006.3457,742453.3401,-68
9232,9232,8,251018.8457,742453.3401,-75
9233,9233,8,251031.3457,742453.3401,-83
9234,9234,8,251043.8457,742453.3401,-90
9235,9235,8,251056.3457,742453.3401,-96
9236,9236,8,251068.8457,742453.3401,-105
9237,9237,8,251081.3457,742453.3401,-122
9266,9266,8,250431.3457,742440.8401,10
9267,9267,8,250443.8457,742440.8401,3
9268,9268,8,250456.3457,742440.8401,-3
9269,9269,8,250468.8457,742440.8401,-9
9270,9270,8,250481.3457,742440.8401,-14
9271,9271,8,250493.8457,742440.8401,-18
9272,9272,8,250506.3457,742440.8401,-22
9273,9273,8,250518.8457,742440.8401,-30
9274,9274,8,250531.3457,742440.8401,-34
9275,9275,8,250543.8457,742440.8401,-36
9276,9276,8,250556.3457,742440.8401,-38
9277,9277,8,250568.8457,742440.8401,-40
9278,9278,8,250581.3457,742440.8401,-41
9279,9279,8,250593.8457,742440.8401,-41
9281,9281,7,250618.8457,742440.8401,-43
9282,9282,8,250631.3457,742440.8401,-46
9283,9283,8,250643.8457,742440.8401,-50
9284,9284,8,250656.3457,742440.8401,-55
9285,9285,8,250668.8457,742440.8401,-60
9286,9286,8,250681.3457,742440.8401,-64
9287,9287,8,250693.8457,742440.8401,-66
9288,9288,8,250706.3457,742440.8401,-66
9289,9289,8,250718.8457,742440.8401,-66
9290,9290,8,250731.3457,742440.8401,-64
9291,9291,8,250743.8457,742440.8401,-61
9292,9292,8,250756.3457,742440.8401,-56
9293,9293,8,250768.8457,742440.8401,-50
9294,9294,8,250781.3457,742440.8401,-45
9295,9295,8,250793.8457,742440.8401,-40
9296,9296,8,250806.3457,742440.8401,-36
9297,9297,8,250818.8457,742440.8401,-35
9298,9298,8,250831.3457,742440.8401,-33
9299,9299,8,250843.8457,742440.8401,-30
9300,9300,8,250856.3457,742440.8401,-26
9301,9301,8,250868.8457,742440.8401,-24
9302,9302,8,250881.3457,742440.8401,-24
9303,9303,8,250893.8457,742440.8401,-25
9304,9304,8,250906.3457,742440.8401,-29
9305,9305,8,250918.8457,742440.8401,-33
9306,9306,8,250931.3457,742440.8401,-36
9307,9307,8,250943.8457,742440.8401,-39
9308,9308,8,250956.3457,742440.8401,-43
9309,9309,7,250968.8457,742440.8401,-48
9310,9310,8,250981.3457,742440.8401,-53
9311,9311,8,250993.8457,742440.8401,-59
9312,9312,8,251006.3457,742440.8401,-65
9313,9313,8,251018.8457,742440.8401,-71
9314,9314,8,251031.3457,742440.8401,-76
9315,9315,8,251043.8457,742440.8401,-82
9316,9316,8,251056.3457,742440.8401,-88
9317,9317,8,251068.8457,742440.8401,-96
9318,9318,8,251081.3457,742440.8401,-111
9319,9319,8,251093.8457,742440.8401,-128
9347,9347,8,250431.3457,742428.3401,13
9348,9348,8,250443.8457,742428.3401,6
9349,9349,8,250468.8457,742428.3401,-5
9350,9350,8,250481.3457,742428.3401,-10
9351,9351,8,250493.8457,742428.3401,-13
9352,9352,8,250506.3457,742428.3401,-17
9353,9353,8,250518.8457,742428.3401,-26
9354,9354,8,250531.3457,742428.3401,-30
9355,9355,8,250543.8457,742428.3401,-32
9356,9356,8,250556.3457,742428.3401,-34
9357,9357,8,250568.8457,742428.3401,-36
9358,9358,8,250581.3457,742428.3401,-37
9359,9359,8,250593.8457,742428.3401,-39
9360,9360,8,250606.3457,742428.3401,-39
9361,9361,8,250618.8457,742428.3401,-41
9362,9362,8,250631.3457,742428.3401,-44
9363,9363,8,250643.8457,742428.3401,-48
9364,9364,8,250656.3457,742428.3401,-52
9365,9365,8,250668.8457,742428.3401,-57
9366,9366,8,250681.3457,742428.3401,-60
9367,9367,8,250693.8457,742428.3401,-61
9368,9368,8,250706.3457,742428.3401,-60
9369,9369,8,250718.8457,742428.3401,-58
9370,9370,8,250731.3457,742428.3401,-55
9371,9371,8,250743.8457,742428.3401,-50
9372,9372,8,250756.3457,742428.3401,-44
9373,9373,8,250768.8457,742428.3401,-38
9374,9374,8,250781.3457,742428.3401,-33
9375,9375,8,250793.8457,742428.3401,-29
9376,9376,8,250806.3457,742428.3401,-27
9377,9377,8,250818.8457,742428.3401,-26
9378,9378,8,250831.3457,742428.3401,-26
9379,9379,8,250843.8457,742428.3401,-23
9380,9380,8,250856.3457,742428.3401,-22
9388,9388,8,250956.3457,742428.3401,-41
9389,9389,8,250968.8457,742428.3401,-46
9390,9390,8,250981.3457,742428.3401,-51
9391,9391,8,250993.8457,742428.3401,-57
9392,9392,8,251006.3457,742428.3401,-63
9393,9393,8,251018.8457,742428.3401,-68
9394,9394,8,251031.3457,742428.3401,-73
9395,9395,8,251043.8457,742428.3401,-78
9396,9396,8,251056.3457,742428.3401,-83
9397,9397,8,251068.8457,742428.3401,-90
9398,9398,8,251081.3457,742428.3401,-103
9399,9399,8,251093.8457,742428.3401,-119
9400,9400,8,251106.3457,742428.3401,-133
9427,9427,8,250431.3457,742415.8401,16
9428,9428,8,250443.8457,742415.8401,10
9429,9429,8,250456.3457,742415.8401,4
9430,9430,8,250468.8457,742415.8401,-1
9431,9431,8,250481.3457,742415.8401,-5
9432,9432,8,250493.8457,742415.8401,-9
9433,9433,8,250506.3457,742415.8401,-12
9434,9434,8,250518.8457,742415.8401,-21
9435,9435,8,250531.3457,742415.8401,-24
9436,9436,8,250543.8457,742415.8401,-27
9437,9437,8,250556.3457,742415.8401,-29
9438,9438,8,250568.8457,742415.8401,-31
9439,9439,8,250581.3457,742415.8401,-34
9440,9440,8,250593.8457,742415.8401,-35
9441,9441,8,250606.3457,742415.8401,-36
9442,9442,8,250618.8457,742415.8401,-38
9443,9443,8,250631.3457,742415.8401,-42
9444,9444,8,250643.8457,742415.8401,-46
9445,9445,8,250656.3457,742415.8401,-50
9446,9446,8,250668.8457,742415.8401,-53
9447,9447,8,250681.3457,742415.8401,-55
9448,9448,8,250693.8457,742415.8401,-55
9449,9449,8,250706.3457,742415.8401,-53
9450,9450,8,250718.8457,742415.8401,-49
9451,9451,8,250731.3457,742415.8401,-44
9452,9452,8,250743.8457,742415.8401,-38
9453,9453,8,250756.3457,742415.8401,-32
9454,9454,8,250768.8457,742415.8401,-26
9455,9455,8,250781.3457,742415.8401,-22
9456,9456,8,250793.8457,742415.8401,-19
9457,9457,8,250806.3457,742415.8401,-18
9458,9458,8,250818.8457,742415.8401,-17
9459,9459,8,250831.3457,742415.8401,-17
9460,9460,8,250843.8457,742415.8401,-17
9461,9461,8,250856.3457,742415.8401,-18
9470,9470,8,250968.8457,742415.8401,-44
9471,9471,8,250981.3457,742415.8401,-49
9472,9472,8,250993.8457,742415.8401,-55
9475,9475,8,251031.3457,742415.8401,-71
9476,9476,8,251043.8457,742415.8401,-76
9479,9479,8,251081.3457,742415.8401,-99
9480,9480,8,251093.8457,742415.8401,-112
9481,9481,8,251106.3457,742415.8401,-126
9509,9509,8,250431.3457,742403.3401,21
9510,9510,8,250443.8457,742403.3401,15
9511,9511,8,250456.3457,742403.3401,10
9512,9512,8,250468.8457,742403.3401,5
9513,9513,8,250493.8457,742403.3401,-4
9514,9514,8,250506.3457,742403.3401,-8
9515,9515,8,250518.8457,742403.3401,-16
9516,9516,8,250531.3457,742403.3401,-20
9517,9517,8,250543.8457,742403.3401,-22
9518,9518,8,250556.3457,742403.3401,-25
9519,9519,8,250568.8457,742403.3401,-27
9520,9520,8,250581.3457,742403.3401,-30
9521,9521,8,250593.8457,742403.3401,-32
9522,9522,8,250606.3457,742403.3401,-33
9523,9523,8,250618.8457,742403.3401,-35
9524,9524,8,250631.3457,742403.3401,-39
9525,9525,8,250643.8457,742403.3401,-43
9526,9526,8,250656.3457,742403.3401,-46
9527,9527,8,250668.8457,742403.3401,-49
9528,9528,8,250681.3457,742403.3401,-50
9529,9529,8,250693.8457,742403.3401,-48
9530,9530,8,250706.3457,742403.3401,-45
9531,9531,8,250718.8457,742403.3401,-40
9532,9532,8,250731.3457,742403.3401,-34
9533,9533,8,250743.8457,742403.3401,-27
9534,9534,8,250756.3457,742403.3401,-21
9535,9535,8,250768.8457,742403.3401,-16
9536,9536,8,250781.3457,742403.3401,-14
9537,9537,8,250793.8457,742403.3401,-12
9538,9538,8,250806.3457,742403.3401,-11
9539,9539,8,250818.8457,742403.3401,-10
9540,9540,8,250831.3457,742403.3401,-11
9541,9541,8,250843.8457,742403.3401,-13
9542,9542,8,250856.3457,742403.3401,-16
9561,9561,7,251093.8457,742403.3401,-108
9562,9562,8,251106.3457,742403.3401,-120
9590,9590,8,250431.3457,742390.8401,21
9591,9591,8,250443.8457,742390.8401,16
9593,9593,8,250468.8457,742390.8401,5
9598,9598,8,250543.8457,742390.8401,-21
9600,9600,8,250568.8457,742390.8401,-26
9601,9601,8,250581.3457,742390.8401,-28
9602,9602,8,250593.8457,742390.8401,-30
9603,9603,8,250606.3457,742390.8401,-32
9606,9606,8,250643.8457,742390.8401,-40
9607,9607,8,250656.3457,742390.8401,-42
9608,9608,8,250668.8457,742390.8401,-42
9609,9609,8,250681.3457,742390.8401,-40
9610,9610,8,250693.8457,742390.8401,-35
9611,9611,8,250706.3457,742390.8401,-30
9612,9612,8,250718.8457,742390.8401,-24
9613,9613,8,250731.3457,742390.8401,-19
9614,9614,8,250743.8457,742390.8401,-15
9615,9615,8,250756.3457,742390.8401,-11
9616,9616,8,250768.8457,742390.8401,-9
9617,9617,8,250781.3457,742390.8401,-8
9618,9618,8,250793.8457,742390.8401,-7
9619,9619,8,250806.3457,742390.8401,-7
9620,9620,8,250818.8457,742390.8401,-8
9671,9671,8,250431.3457,742378.3401,26
9672,9672,8,250443.8457,742378.3401,20
9673,9673,8,250456.3457,742378.3401,15
9674,9674,8,250468.8457,742378.3401,10
9675,9675,8,250481.3457,742378.3401,4
9676,9676,8,250493.8457,742378.3401,-1
9677,9677,8,250506.3457,742378.3401,-5
9678,9678,8,250518.8457,742378.3401,-12
9679,9679,8,250531.3457,742378.3401,-16
9680,9680,8,250543.8457,742378.3401,-18
9681,9681,8,250556.3457,742378.3401,-20
9682,9682,8,250568.8457,742378.3401,-22
9683,9683,8,250581.3457,742378.3401,-24
9684,9684,8,250593.8457,742378.3401,-26
9685,9685,8,250606.3457,742378.3401,-28
9686,9686,8,250618.8457,742378.3401,-30
9687,9687,8,250631.3457,742378.3401,-32
9688,9688,8,250643.8457,742378.3401,-34
9689,9689,8,250656.3457,742378.3401,-35
9690,9690,8,250668.8457,742378.3401,-34
9691,9691,8,250681.3457,742378.3401,-30
9692,9692,8,250693.8457,742378.3401,-26
9693,9693,8,250706.3457,742378.3401,-21
9694,9694,8,250718.8457,742378.3401,-16
9695,9695,8,250731.3457,742378.3401,-12
9696,9696,8,250743.8457,742378.3401,-9
9697,9697,7,250756.3457,742378.3401,-8
9698,9698,8,250768.8457,742378.3401,-6
9701,9701,8,250806.3457,742378.3401,-4
9702,9702,8,250818.8457,742378.3401,-6
9753,9753,8,250431.3457,742365.8401,29
9754,9754,8,250443.8457,742365.8401,25
9755,9755,8,250456.3457,742365.8401,20
9756,9756,8,250468.8457,742365.8401,14
9757,9757,8,250481.3457,742365.8401,7
9758,9758,8,250493.8457,742365.8401,2
9759,9759,8,250506.3457,742365.8401,-2
9760,9760,8,250518.8457,742365.8401,-9
9761,9761,8,250531.3457,742365.8401,-12
9762,9762,8,250543.8457,742365.8401,-14
9763,9763,8,250556.3457,742365.8401,-16
9764,9764,8,250568.8457,742365.8401,-18
9765,9765,8,250581.3457,742365.8401,-19
9766,9766,8,250593.8457,742365.8401,-21
9767,9767,8,250606.3457,742365.8401,-22
9768,9768,8,250618.8457,742365.8401,-24
9769,9769,8,250631.3457,742365.8401,-26
9770,9770,8,250643.8457,742365.8401,-26
9771,9771,8,250656.3457,742365.8401,-27
9772,9772,8,250668.8457,742365.8401,-25
9773,9773,8,250681.3457,742365.8401,-21
9774,9774,8,250693.8457,742365.8401,-16
9775,9775,8,250706.3457,742365.8401,-12
9776,9776,8,250718.8457,742365.8401,-8
9777,9777,8,250731.3457,742365.8401,-5
9778,9778,8,250743.8457,742365.8401,-5
9835,9835,8,250431.3457,742353.3401,32
9836,9836,8,250443.8457,742353.3401,28
9837,9837,8,250456.3457,742353.3401,23
9838,9838,8,250468.8457,742353.3401,17
9839,9839,8,250481.3457,742353.3401,10
9840,9840,8,250493.8457,742353.3401,5
9841,9841,8,250506.3457,742353.3401,1
9842,9842,8,250518.8457,742353.3401,-5
9843,9843,8,250531.3457,742353.3401,-8
9844,9844,8,250543.8457,742353.3401,-9
9845,9845,8,250556.3457,742353.3401,-12
9846,9846,8,250568.8457,742353.3401,-14
9847,9847,8,250581.3457,742353.3401,-15
9848,9848,8,250593.8457,742353.3401,-15
9849,9849,8,250606.3457,742353.3401,-15
9850,9850,8,250618.8457,742353.3401,-17
9851,9851,8,250631.3457,742353.3401,-18
9852,9852,8,250643.8457,742353.3401,-18
9853,9853,8,250656.3457,742353.3401,-17
9854,9854,8,250668.8457,742353.3401,-15
9855,9855,8,250681.3457,742353.3401,-11
9856,9856,8,250693.8457,742353.3401,-6
9857,9857,8,250706.3457,742353.3401,-3
9858,9858,8,250743.8457,742353.3401,-1
9859,9859,8,250756.3457,742353.3401,-2
9888,9888,7,251118.8457,742353.3401,-127
9889,9889,7,251131.3457,742353.3401,-135
9915,9915,8,250443.8457,742340.8401,30
9916,9916,8,250456.3457,742340.8401,25
9917,9917,8,250468.8457,742340.8401,18
9918,9918,8,250481.3457,742340.8401,12
9919,9919,8,250493.8457,742340.8401,8
9920,9920,8,250506.3457,742340.8401,4
9921,9921,8,250518.8457,742340.8401,-2
9922,9922,8,250531.3457,742340.8401,-4
9923,9923,8,250543.8457,742340.8401,-5
9924,9924,8,250556.3457,742340.8401,-7
9925,9925,8,250568.8457,742340.8401,-9
9926,9926,8,250581.3457,742340.8401,-10
9927,9927,8,250593.8457,742340.8401,-10
9928,9928,8,250606.3457,742340.8401,-10
9929,9929,8,250618.8457,742340.8401,-11
9930,9930,8,250631.3457,742340.8401,-11
9931,9931,8,250643.8457,742340.8401,-11
9932,9932,8,250656.3457,742340.8401,-10
9933,9933,8,250668.8457,742340.8401,-7
9934,9934,8,250681.3457,742340.8401,-3
9935,9935,8,250693.8457,742340.8401,1
9936,9936,8,250706.3457,742340.8401,3
9937,9937,8,250718.8457,742340.8401,4
9938,9938,8,250731.3457,742340.8401,4
9939,9939,8,250743.8457,742340.8401,2
9966,9966,8,251118.8457,742340.8401,-123
9967,9967,7,251131.3457,742340.8401,-129
9968,9968,7,251143.8457,742340.8401,-136
9994,9994,8,250443.8457,742328.3401,32
9995,9995,8,250456.3457,742328.3401,26
9996,9996,8,250468.8457,742328.3401,20
9997,9997,8,250481.3457,742328.3401,15
9998,9998,8,250493.8457,742328.3401,11
9999,9999,8,250506.3457,742328.3401,7
10000,10000,8,250518.8457,742328.3401,1
10001,10001,8,250531.3457,742328.3401,1
10002,10002,8,250543.8457,742328.3401,1
10003,10003,8,250556.3457,742328.3401,-1
10004,10004,8,250568.8457,742328.3401,-3
10005,10005,8,250581.3457,742328.3401,-4
10006,10006,8,250593.8457,742328.3401,-5
10007,10007,8,250606.3457,742328.3401,-5
10008,10008,8,250618.8457,742328.3401,-5
10009,10009,8,250631.3457,742328.3401,-6
10010,10010,8,250643.8457,742328.3401,-5
10011,10011,8,250656.3457,742328.3401,-3
10012,10012,8,250668.8457,742328.3401,-1
10013,10013,8,250681.3457,742328.3401,2
10014,10014,8,250693.8457,742328.3401,5
10015,10015,8,250706.3457,742328.3401,6
10016,10016,8,250718.8457,742328.3401,7
10017,10017,8,250731.3457,742328.3401,6
10018,10018,8,250743.8457,742328.3401,4
10047,10047,8,251118.8457,742328.3401,-120
10048,10048,7,251131.3457,742328.3401,-126
10049,10049,7,251143.8457,742328.3401,-132
10050,10050,7,251156.3457,742328.3401,-140
10075,10075,8,250443.8457,742315.8401,34
10076,10076,8,250456.3457,742315.8401,29
10077,10077,8,250468.8457,742315.8401,24
10078,10078,8,250481.3457,742315.8401,19
10079,10079,8,250493.8457,742315.8401,15
10080,10080,8,250506.3457,742315.8401,11
10081,10081,8,250518.8457,742315.8401,5
10082,10082,8,250531.3457,742315.8401,5
10083,10083,8,250543.8457,742315.8401,5
10084,10084,8,250556.3457,742315.8401,4
10085,10085,8,250568.8457,742315.8401,2
10086,10086,8,250581.3457,742315.8401,1
10087,10087,8,250606.3457,742315.8401,-1
10088,10088,8,250618.8457,742315.8401,-1
10089,10089,8,250631.3457,742315.8401,-1
10090,10090,8,250656.3457,742315.8401,2
10091,10091,8,250668.8457,742315.8401,4
10092,10092,7,250681.3457,742315.8401,6
10093,10093,7,250693.8457,742315.8401,8
10130,10130,7,251156.3457,742315.8401,-137
10155,10155,8,250443.8457,742303.3401,36
10156,10156,8,250456.3457,742303.3401,32
10157,10157,8,250468.8457,742303.3401,27
10158,10158,8,250481.3457,742303.3401,23
10159,10159,8,250493.8457,742303.3401,19
10160,10160,8,250506.3457,742303.3401,16
10161,10161,8,250518.8457,742303.3401,9
10162,10162,8,250531.3457,742303.3401,9
10163,10163,8,250543.8457,742303.3401,9
10164,10164,8,250556.3457,742303.3401,8
10165,10165,8,250568.8457,742303.3401,6
10166,10166,8,250581.3457,742303.3401,4
10167,10167,8,250593.8457,742303.3401,3
10168,10168,8,250606.3457,742303.3401,2
10169,10169,8,250618.8457,742303.3401,2
10170,10170,8,250631.3457,742303.3401,2
10171,10171,8,250643.8457,742303.3401,3
10172,10172,8,250656.3457,742303.3401,5
10210,10210,7,251143.8457,742303.3401,-129
10236,10236,8,250443.8457,742290.8401,39
10237,10237,8,250456.3457,742290.8401,35
10238,10238,8,250468.8457,742290.8401,31
10239,10239,8,250481.3457,742290.8401,27
10240,10240,8,250493.8457,742290.8401,24
10241,10241,8,250506.3457,742290.8401,20
10242,10242,8,250518.8457,742290.8401,14
10243,10243,8,250531.3457,742290.8401,13
10244,10244,8,250543.8457,742290.8401,12
10245,10245,8,250556.3457,742290.8401,11
10246,10246,8,250568.8457,742290.8401,9
10247,10247,8,250581.3457,742290.8401,7
10248,10248,8,250593.8457,742290.8401,5
10251,10251,8,250631.3457,742290.8401,5
10317,10317,8,250443.8457,742278.3401,43
10318,10318,8,250456.3457,742278.3401,40
10319,10319,8,250468.8457,742278.3401,36
10320,10320,8,250481.3457,742278.3401,32
10321,10321,8,250493.8457,742278.3401,28
10322,10322,8,250506.3457,742278.3401,24
10323,10323,8,250518.8457,742278.3401,18
10324,10324,8,250531.3457,742278.3401,16
10325,10325,8,250543.8457,742278.3401,15
10326,10326,8,250556.3457,742278.3401,13
10327,10327,8,250568.8457,742278.3401,12
10328,10328,8,250581.3457,742278.3401,10
10329,10329,8,250593.8457,742278.3401,8
10330,10330,8,250606.3457,742278.3401,7
10331,10331,8,250618.8457,742278.3401,7
10332,10332,8,250631.3457,742278.3401,8
10374,10374,7,251168.8457,742278.3401,-138
10399,10399,8,250456.3457,742265.8401,44
10400,10400,8,250468.8457,742265.8401,40
10401,10401,8,250481.3457,742265.8401,36
10402,10402,8,250493.8457,742265.8401,32
10403,10403,8,250506.3457,742265.8401,28
10404,10404,8,250518.8457,742265.8401,21
10405,10405,8,250531.3457,742265.8401,19
10406,10406,8,250543.8457,742265.8401,18
10407,10407,8,250556.3457,742265.8401,16
10408,10408,8,250568.8457,742265.8401,14
10409,10409,8,250581.3457,742265.8401,12
10410,10410,8,250593.8457,742265.8401,11
10411,10411,8,250606.3457,742265.8401,10
10412,10412,8,250618.8457,742265.8401,10
10480,10480,8,250456.3457,742253.3401,47
10481,10481,8,250468.8457,742253.3401,44
10482,10482,8,250481.3457,742253.3401,39
10483,10483,8,250493.8457,742253.3401,35
10484,10484,8,250506.3457,742253.3401,30
10485,10485,8,250518.8457,742253.3401,24
10486,10486,8,250531.3457,742253.3401,22
10487,10487,8,250543.8457,742253.3401,21
10488,10488,8,250556.3457,742253.3401,19
10489,10489,8,250568.8457,742253.3401,17
10490,10490,8,250581.3457,742253.3401,15
10491,10491,8,250593.8457,742253.3401,14
10492,10492,8,250606.3457,742253.3401,14
10493,10493,8,250618.8457,742253.3401,13
10562,10562,8,250456.3457,742240.8401,50
10563,10563,8,250468.8457,742240.8401,47
10564,10564,8,250481.3457,742240.8401,42
10565,10565,8,250493.8457,742240.8401,38
10566,10566,8,250506.3457,742240.8401,33
10567,10567,8,250518.8457,742240.8401,27
10568,10568,8,250531.3457,742240.8401,25
10569,10569,8,250543.8457,742240.8401,24
10570,10570,8,250556.3457,742240.8401,23
10571,10571,8,250568.8457,742240.8401,21
10572,10572,8,250581.3457,742240.8401,19
10573,10573,8,250593.8457,742240.8401,18
10574,10574,8,250606.3457,742240.8401,17
10575,10575,8,250618.8457,742240.8401,16
10619,10619,7,251168.8457,742240.8401,-134
10620,10620,7,251181.3457,742240.8401,-137
10644,10644,8,250456.3457,742228.3401,54
10645,10645,8,250468.8457,742228.3401,50
10646,10646,8,250481.3457,742228.3401,45
10647,10647,8,250493.8457,742228.3401,41
10648,10648,8,250506.3457,742228.3401,37
10649,10649,8,250518.8457,742228.3401,30
10650,10650,8,250531.3457,742228.3401,29
10651,10651,8,250543.8457,742228.3401,28
10652,10652,8,250556.3457,742228.3401,26
10653,10653,8,250568.8457,742228.3401,24
10654,10654,8,250581.3457,742228.3401,23
10655,10655,8,250593.8457,742228.3401,22
10656,10656,8,250606.3457,742228.3401,21
10657,10657,8,250618.8457,742228.3401,19
10701,10701,7,251168.8457,742228.3401,-131
10702,10702,7,251181.3457,742228.3401,-134
10703,10703,7,251193.8457,742228.3401,-138
10726,10726,8,250456.3457,742215.8401,56
10727,10727,8,250468.8457,742215.8401,52
10728,10728,8,250481.3457,742215.8401,48
10729,10729,8,250493.8457,742215.8401,44
10730,10730,8,250506.3457,742215.8401,40
10731,10731,8,250518.8457,742215.8401,34
10732,10732,8,250531.3457,742215.8401,32
10733,10733,8,250543.8457,742215.8401,31
10734,10734,8,250556.3457,742215.8401,29
10735,10735,8,250568.8457,742215.8401,27
10736,10736,8,250581.3457,742215.8401,26
10737,10737,8,250593.8457,742215.8401,24
10782,10782,7,251156.3457,742215.8401,-125
10783,10783,7,251168.8457,742215.8401,-127
10784,10784,7,251181.3457,742215.8401,-131
10785,10785,7,251193.8457,742215.8401,-136
10809,10809,8,250456.3457,742203.3401,59
10810,10810,8,250468.8457,742203.3401,55
10811,10811,8,250481.3457,742203.3401,51
10812,10812,8,250493.8457,742203.3401,47
10813,10813,8,250506.3457,742203.3401,44
10814,10814,8,250518.8457,742203.3401,37
10815,10815,8,250531.3457,742203.3401,36
10816,10816,8,250543.8457,742203.3401,34
10817,10817,8,250556.3457,742203.3401,32
10818,10818,8,250568.8457,742203.3401,30
10864,10864,7,251143.8457,742203.3401,-119
10865,10865,7,251156.3457,742203.3401,-122
10866,10866,7,251168.8457,742203.3401,-125
10867,10867,7,251181.3457,742203.3401,-129
10892,10892,8,250456.3457,742190.8401,62
10893,10893,8,250468.8457,742190.8401,58
10894,10894,8,250481.3457,742190.8401,55
10895,10895,8,250493.8457,742190.8401,51
10896,10896,8,250506.3457,742190.8401,47
10897,10897,8,250518.8457,742190.8401,41
10898,10898,8,250531.3457,742190.8401,38
10899,10899,8,250543.8457,742190.8401,36
10900,10900,8,250556.3457,742190.8401,34
10947,10947,7,251143.8457,742190.8401,-117
10948,10948,7,251156.3457,742190.8401,-120
10949,10949,7,251168.8457,742190.8401,-123
10950,10950,7,251181.3457,742190.8401,-127
10951,10951,7,251193.8457,742190.8401,-133
10975,10975,8,250468.8457,742178.3401,61
10976,10976,8,250481.3457,742178.3401,57
10977,10977,8,250493.8457,742178.3401,54
10978,10978,8,250506.3457,742178.3401,50
10979,10979,8,250518.8457,742178.3401,44
10980,10980,8,250531.3457,742178.3401,40
11029,11029,7,251143.8457,742178.3401,-116
11031,11031,7,251168.8457,742178.3401,-121
11032,11032,7,251181.3457,742178.3401,-125
11058,11058,8,250481.3457,742165.8401,59
11059,11059,8,250493.8457,742165.8401,55
11061,11061,8,250518.8457,742165.8401,46
11062,11062,8,250531.3457,742165.8401,42
11116,11116,7,251206.3457,742165.8401,-133
11142,11142,8,250506.3457,742153.3401,52
11143,11143,7,250518.8457,742153.3401,47
11144,11144,7,250531.3457,742153.3401,43
11197,11197,7,251193.8457,742153.3401,-126
11198,11198,7,251206.3457,742153.3401,-130
11199,11199,7,251218.8457,742153.3401,-134
11200,11200,7,251231.3457,742153.3401,-138
11224,11224,7,250506.3457,742140.8401,53
11278,11278,7,251193.8457,742140.8401,-124
11279,11279,7,251206.3457,742140.8401,-127
11280,11280,7,251218.8457,742140.8401,-130
11281,11281,7,251231.3457,742140.8401,-134
11306,11306,7,250506.3457,742128.3401,53
11307,11307,8,250518.8457,742128.3401,49
11359,11359,7,251181.3457,742128.3401,-121
11361,11361,7,251206.3457,742128.3401,-125
11362,11362,7,251218.8457,742128.3401,-128
11363,11363,7,251231.3457,742128.3401,-131
11364,11364,7,251243.8457,742128.3401,-136
11445,11445,7,251218.8457,742115.8401,-126
11524,11524,7,251181.3457,742103.3401,-119
11603,11603,7,251143.8457,742090.8401,-109
11604,11604,7,251156.3457,742090.8401,-112
11684,11684,7,251143.8457,742078.3401,-108
11766,11766,7,251143.8457,742065.8401,-106
13925,13925,7,251206.3457,741740.8401,-100
14006,14006,7,251168.8457,741728.3401,-85
14008,14008,7,251193.8457,741728.3401,-92
14009,14009,7,251206.3457,741728.3401,-97
14010,14010,7,251218.8457,741728.3401,-101
14090,14090,7,251168.8457,741715.8401,-81
14091,14091,7,251181.3457,741715.8401,-84
14092,14092,7,251193.8457,741715.8401,-88
14093,14093,7,251206.3457,741715.8401,-92
14094,14094,7,251218.8457,741715.8401,-97
14095,14095,7,251231.3457,741715.8401,-102
14096,14096,7,251243.8457,741715.8401,-106
14171,14171,7,251168.8457,741703.3401,-76
14172,14172,7,251181.3457,741703.3401,-79
14173,14173,8,251193.8457,741703.3401,-83
14174,14174,7,251206.3457,741703.3401,-88
14175,14175,7,251218.8457,741703.3401,-93
14176,14176,7,251231.3457,741703.3401,-98
14177,14177,7,251243.8457,741703.3401,-102
14178,14178,7,251256.3457,741703.3401,-106
14247,14247,7,251156.3457,741690.8401,-69
14248,14248,7,251168.8457,741690.8401,-72
14249,14249,8,251181.3457,741690.8401,-75
14250,14250,8,251193.8457,741690.8401,-79
14251,14251,8,251206.3457,741690.8401,-83
14252,14252,7,251218.8457,741690.8401,-89
14253,14253,7,251231.3457,741690.8401,-93
14254,14254,7,251243.8457,741690.8401,-97
14255,14255,7,251256.3457,741690.8401,-101
14256,14256,7,251268.8457,741690.8401,-105
14257,14257,7,251281.3457,741690.8401,-110
14320,14320,7,251156.3457,741678.3401,-65
14321,14321,7,251168.8457,741678.3401,-68
14322,14322,8,251181.3457,741678.3401,-71
14323,14323,8,251193.8457,741678.3401,-74
14324,14324,8,251206.3457,741678.3401,-79
14325,14325,8,251218.8457,741678.3401,-84
14326,14326,7,251231.3457,741678.3401,-88
14327,14327,7,251243.8457,741678.3401,-92
14328,14328,7,251256.3457,741678.3401,-96
14329,14329,7,251268.8457,741678.3401,-100
14330,14330,7,251281.3457,741678.3401,-105
14331,14331,7,251293.8457,741678.3401,-110
14332,14332,7,251306.3457,741678.3401,-116
14389,14389,7,251156.3457,741665.8401,-61
14390,14390,7,251168.8457,741665.8401,-63
14391,14391,8,251181.3457,741665.8401,-67
14392,14392,8,251193.8457,741665.8401,-71
14393,14393,8,251206.3457,741665.8401,-75
14394,14394,8,251218.8457,741665.8401,-79
14395,14395,8,251231.3457,741665.8401,-84
14396,14396,7,251243.8457,741665.8401,-87
14397,14397,7,251256.3457,741665.8401,-91
14398,14398,7,251268.8457,741665.8401,-96
14400,14400,7,251293.8457,741665.8401,-107
14401,14401,7,251306.3457,741665.8401,-113
14402,14402,7,251318.8457,741665.8401,-119
14450,14450,7,251156.3457,741653.3401,-57
14451,14451,8,251168.8457,741653.3401,-59
14452,14452,8,251181.3457,741653.3401,-63
14453,14453,8,251193.8457,741653.3401,-67
14454,14454,8,251206.3457,741653.3401,-71
14455,14455,8,251218.8457,741653.3401,-75
14456,14456,8,251231.3457,741653.3401,-79
14457,14457,8,251243.8457,741653.3401,-83
14458,14458,7,251256.3457,741653.3401,-88
14459,14459,7,251268.8457,741653.3401,-93
14461,14461,7,251293.8457,741653.3401,-104
14501,14501,7,251143.8457,741640.8401,-51
14502,14502,7,251156.3457,741640.8401,-53
14503,14503,8,251168.8457,741640.8401,-55
14504,14504,8,251181.3457,741640.8401,-59
14505,14505,8,251193.8457,741640.8401,-63
14506,14506,8,251206.3457,741640.8401,-67
14507,14507,8,251218.8457,741640.8401,-72
14508,14508,8,251231.3457,741640.8401,-76
14509,14509,7,251243.8457,741640.8401,-81
14544,14544,7,251143.8457,741628.3401,-47
14545,14545,8,251156.3457,741628.3401,-49
14546,14546,8,251168.8457,741628.3401,-51
14547,14547,8,251181.3457,741628.3401,-55
14548,14548,8,251193.8457,741628.3401,-59
14549,14549,8,251206.3457,741628.3401,-64
14550,14550,8,251218.8457,741628.3401,-69
14551,14551,8,251231.3457,741628.3401,-74
14579,14579,7,251143.8457,741615.8401,-42
14580,14580,7,251156.3457,741615.8401,-44
14581,14581,8,251168.8457,741615.8401,-47
14582,14582,8,251181.3457,741615.8401,-50
14605,14605,8,251143.8457,741603.3401,-35
